Year,Term,Subject,Number,Course Title,Sched Type,Primary Instructor,GPA
2020,Spring,ACCY,503,Managerial Accounting A,ONL,"Hecht, Gary W",3.6447794117647057
2015,Fall,BUS,101,Business Prof Responsibility,LCD,"DeBrock, Lawrence M",3.308148148148148
2018,Spring,ME,310,Fundamentals of Fluid Dynamics,,"Juarez, Gabriel",3.2119999999999997
2014,Spring,MATH,285,Intro Differential Equations,LEC,"Baryshnikov, Juliy",2.960677966101695
2015,Spring,LAST,170,Introduction to Latin America,DIS,"Kuyumjian, Marcelo B",3.6792592592592595
2017,Spring,MATH,234,Calculus for Business I,,"Folwaczny, Lena C",2.3036619718309863
2011,Fall,SLAV,117,Russ & E Euro Science Fiction,LCD,"Tempest, Richard V",3.727777777777778
2015,Spring,TSM,234,"Wiring, Motors and Control Sys",LEC,"Harper, Joe G",3.147777777777778
2021,Summer,MBA,542,Digital Marketing Analytics,ONL,"Hartman, Kevin E",3.926113924050633
2016,Spring,AGED,300,Training and Development,LCD,"Korte, Debra S",3.8289189189189194
2012,Spring,SOCW,541,Research Seminar,LCD,"Wu, Chi-Fang",3.7173076923076924
2019,Summer,SPAN,130,Intermediate Spanish,ONL,"Regoyo, Aritz",2.98625
2011,Spring,SPAN,305,The Structure of Spanish,LCD,"Martoccio, Alyssa M",3.482222222222222
2010,Summer,ECON,484,Law and Economics,LCD,"Carlson, Jeffrey L",3.054666666666667
2017,Spring,ECON,490,Political Economy,,"Quigley, David",1.990857142857143
2013,Fall,MATH,471,Actuarial Theory I,LCD,"Johnson, Paul H",2.636911764705882
2019,Fall,SPED,517,Disability Issues in SPED,LCD,"Bentz, Johnell L",3.744333333333333
2010,Spring,UP,347,Planning Workshop I,LBD,"Olshansky, Robert B",3.3553333333333337
2020,Fall,ARTD,251,Graphic Design Toolbox,OLB,"Alvarez, Guido",2.5454545454545454
2015,Spring,CHEM,103,General Chemistry Lab I,LAB,"Lytle, Tyler",3.5463793103448276
2020,Fall,ECON,528,Microeconomics for Business,ONL,"DeBrock, Lawrence M",3.8102849740932645
2011,Fall,ARCH,451,Theory & Design Steel & Timber,LEC,"Aminmansour, Abbas",3.2458750000000003
2011,Summer,CS,418,Interactive Computer Graphics,LEC,"Hart, John C",3.3207999999999998
2010,Spring,ASTR,210,General Astronomy,LEC,"Wong, Tony",2.728888888888889
2019,Spring,ENGL,202,Medieval Lit and Culture,LCD,"O'Toole, Kathryn E",3.161290322580645
2014,Fall,ECON,102,Microeconomic Principles,Q,"Vazquez, Jose J",3.728421052631578
2019,Fall,AGED,260,Intro to Leadership Studies,LEC,"Keating, Kari H",3.4345142857142856
2014,Spring,LAW,796,Globalization,LCD,"Keenan, Patrick J",3.5343999999999998
2021,Fall,RST,242,Nature and American Culture,ONL,"Jang, Incheol",3.7720306513409962
2021,Fall,ARCH,231,Anatomy of Buildings,OLC,"Deutsch, Randall",3.1997368421052634
2015,Spring,CHEM,236,Fundamental Organic Chem I,LEC,"Burke, Martin",2.704074074074074
2015,Fall,ACE,161,Microcomputer Applications,LBD,"Rogalla, Valerie",3.652173913043478
2018,Fall,CHEM,102,General Chemistry I,LEC,"Huang, Tina H",2.4306299212598423
2015,Spring,CHEM,103,General Chemistry Lab I,LAB,"Lytle, Tyler",3.4767857142857146
2020,Fall,PSYC,100,Intro Psych,OD,"Yi, Jacqueline",3.3030232558139527
2010,Spring,CMN,101,Public Speaking,LCD,"Cooper, Katherine",3.4452380952380954
2011,Spring,ACE,100,Agr Cons and Resource Econ,DIS,"Goldsmith, Peter D",2.718846153846154
2010,Spring,STAT,410,Statistics and Probability II,LCD,"Monrad, Ditlev",2.6159322033898302
2013,Spring,CMN,112,Oral & Written Comm II,LCD,"Salvo, James M",3.9395454545454545
2014,Fall,IB,360,Evolution and Human Health,DIS,"Sears, Karen",3.1904761904761907
2014,Spring,ECE,456,Global Nav Satellite Systems,LEC,"Makela, Jonathan J",3.4025
2020,Fall,CI,430,Teaching Children Mathematics,ONL,"Poetzel, Adam R",3.3673333333333337
2013,Spring,ESE,320,"Water Planet, Water Crisis",LEC,"Johnson, Thomas M",3.245588235294118
2011,Spring,ENGL,300,Shakespeare & Problem of Pity,LCD,"Dahlquist, Mark",3.0700000000000003
2016,Fall,ACCY,201,Accounting and Accountancy I,,"Waddock, Madeleine K",3.1481395348837204
2017,Spring,MCB,406,Gene Expression & Regulation,,"Jin, Hong",3.774411764705882
2017,Spring,CS,241,System Programming,,"Evans, Graham C",2.530752688172043
2015,Spring,ANSC,207,Companion Animal Biology &Care,ONL,"Brandt, Jessica R",3.489148936170212
2016,Spring,BADM,445,Small Business Consulting,LCD,"Kurtz, Jeffrey M",3.7975
2017,Fall,CS,173,Discrete Structures,,"Fleck, Margaret M",3.1089999999999995
2014,Fall,MSE,462,Electronic Materials Lab,LEC,"Shang, Jian K",3.4584374999999996
2011,Spring,PHYS,140,How Things Work,LEC,"Budakian, Raffi",3.0561849710982663
2018,Fall,LLS,220,Latina/o Migration,LCD,"Cacho, Lisa M",2.9899999999999998
2011,Fall,PHIL,202,Symbolic Logic,LCD,"McCarthy, Timothy G",3.299310344827586
2013,Fall,SHS,321,American Sign Language III,LCD,"Carrington, Edwin H",2.4119047619047613
2021,Fall,CHEM,102,General Chemistry I,OLC,"Gunasekera, Mutha Merenna",2.6041389728096678
2017,Spring,CEE,310,Transportation Engineering,,"Ozer, Hasan",3.199722222222222
2020,Fall,LAS,101,Design First Year Experience,DIS,"Soranso, Murillo S",3.6218181818181816
2014,Fall,GWS,100,Intro Gender & Women's Studies,DIS,"Diaz-Kozlowski, Tanya",2.8286206896551724
2011,Fall,HIST,110,History of Africa,DIS,"Admiral, Rosemary G",3.276521739130435
2020,Spring,SHS,120,"Child, Comm, & Lang Ability",ONL,"Wachtel, Jayne M",3.3209876543209877
2011,Spring,CI,476,Teach Elem Rdg & Lang Arts II,LCD,"Kang, Grace Y",3.9029166666666666
2014,Fall,CS,498,Digital Forensics,LEC,"Campbell, R H",3.527741935483871
2017,Fall,KIN,104,Ice Skating,,"Clarke, Caitlin L",3.6875
2017,Fall,HORT,100,Introduction to Horticulture,,"Voigt, Thomas B",3.3631111111111105
2018,Summer,RST,199,Illini Student Athlete Seminar,LCD,"McCann, Kenneth",3.388358208955224
2013,Spring,MATH,441,Differential Equations,LCD,"La Nave, Gabriele",3.4519354838709675
2018,Fall,KIN,140,Social Sci of Human Movement,LEC,"Pindus, Dominika M",2.255714285714286
2014,Fall,MSE,403,Synthesis of Materials,LCD,"Shim, Moonsub",2.8667500000000006
2010,Fall,MUS,207,Aural Skills III,LBD,"Reyes, Deovides A",3.4609523809523806
2018,Fall,SHS,383,Neurodev Disorders in Context,LCD,"Hahn, Laura J",3.5972916666666657
2018,Fall,MCB,245,Human Anat & Physiol Lab I,LAB,"Swigart, James P",2.5519230769230767
2020,Winter,PHYS,213,Univ Physics: Thermal Physics,OLC,"Hassani, Sadri D",2.8923529411764703
2018,Spring,MCB,250,Molecular Genetics,,"Kirchner, Nicholas C",2.5221739130434786
2011,Summer,AE,504,Optimal Aerospace Systems,LCD,"Conway, Bruce A",3.826190476190477
2019,Fall,STAT,400,Statistics and Probability I,LEC,"Chatterjee, Sabyasachi",3.1926923076923077
2019,Spring,PSYC,496,Schizotypy & Schizophrenia,LEC,"Kwapil, Thomas R",3.4378125
2011,Fall,ACCY,304,Accounting Control Systems,LCD,"Wu, Martin G",3.6925641025641025
2021,Spring,KIN,443,Psychophysiology in Ex & Sport,OLC,,3.8048780487804876
2017,Fall,PSYC,100,Intro Psych,,"Travis, Lisa L",2.979591836734694
2017,Fall,FIN,321,Advanced Corporate Finance,,"Peters, Stephen R",3.397857142857143
2018,Spring,IE,300,Analysis of Data,,"Sirignano, Justin A",3.2693617021276595
2012,Fall,ADV,490,Digital Advertising,LCD,"Ham, Chang Dae",3.6950000000000003
2021,Fall,SOCW,589,Social Work and the Law,LCD,"Kopels, Sandra L",3.7131034482758625
2018,Fall,ECE,551,Digital Signal Processing II,DIS,"Dokmanic, Ivan",3.27139534883721
2013,Spring,MATH,124,Finite Mathematics,LCD,"Rezvani, Sepideh",3.0403999999999995
2020,Fall,HIST,100,Global History,OD,"Campbell, Brian",3.636818181818182
2014,Spring,ME,170,Computer-Aided Design,LEC,"Philpott, Michael L",3.751176470588235
2021,Fall,CS,100,Freshman Orientation,OLC,"Gunter, Elsa",3.8176131687242796
2017,Spring,ACE,474,Econ of Consumption,,"Lyons, Angela C",2.8024324324324326
2015,Spring,ADV,483,Audience Analysis,LCD,"Sar, Sela",3.2277142857142858
2020,Spring,ANSC,210,Grilling and BBQ Science,LCD,"Klehm, Brandon J",2.720322580645161
2020,Summer,JAPN,201,Elementary Japanese I,ONL,"Nagata, Tsutomu",3.1119047619047624
2015,Spring,SHS,120,"Child, Comm, & Lang Ability",ONL,"Wachtel, Jayne M",3.8
2011,Summer,MACS,320,Popular Culture,DIS,"Shen, Hong",3.461935483870968
2011,Spring,PSYC,210,The Brain and the Mind,LEC,"Juraska, Janice M",2.754726368159204
2011,Spring,ECON,103,Macroeconomic Principles,Q,"Fernandez, Santiago J",2.5934146341463418
2013,Fall,MCB,252,"Cells, Tissues & Development",DIS,"Good, Elizabeth A",3.3887500000000004
2011,Spring,GWS,100,Intro Gender & Women's Studies,DIS,"Mobley, Alexandra M",2.7560000000000002
2020,Spring,CS,450,Numerical Analysis,LCD,"Fischer, Paul",3.4036842105263156
2010,Spring,HORT,105,Vegetable Gardening,LEC,"Masiunas, John B",3.5303723404255316
2021,Fall,BIOE,415,Biomedical Instrumentation Lab,LEC,"Reck, Rebecca M",3.7172727272727273
2016,Spring,SPED,322,Intro Intellectual Disability,LCD,"Light Shriner, Cheryl L",3.857142857142857
2010,Spring,CS,105,Intro Computing: Non-Tech,LBD,"Charalambides, Minas",3.1422499999999998
2020,Spring,SPED,438,Collaborating with Families,LCD,"Hacker, Rebecca E",3.9696969696969697
2015,Spring,CPSC,418,Crop Growth and Management,LCD,"Villamil, Maria B",3.7917391304347827
2011,Summer,KIN,104,Skating Activities,LAB,"Weber, Melissa B",3.9742307692307692
2020,Fall,PSYC,100,Intro Psych,OLC,"Srull, Thomas K",3.511627906976744
2021,Spring,ACCY,301,Atg Measurement & Disclosure,OLC,"Anderson, Spencer B",3.441764705882353
2013,Spring,FIN,241,Fundamentals of Real Estate,LCD,"Perkins, Scott E",3.4585
2010,Fall,PORT,400,Intensive Beginning Portuguese,LCD,"Teixeira, Narlan M",2.927391304347826
2010,Spring,ENGL,202,Medieval Lit and Culture,LCD,"Koch, Kimberly",3.0679999999999996
2016,Spring,PSYC,201,Intro to Social Psych,LEC,"Albarracin, Dolores",3.075833333333333
2017,Fall,CHEM,105,General Chemistry Lab II,,"Klauck, Ashley L",3.8556666666666666
2020,Fall,SOC,100,Introduction to Sociology,OD,"Gifford, Heather M",3.408709677419355
2013,Spring,SOCW,300,Diversity: Identities & Issues,LEC,"Carter-Black, Janet D",3.328166666666667
2015,Fall,GS,101,Exploring General Studies,LCD,"Leman, Clarissa R",3.7948717948717947
2021,Spring,MATH,199,Undergraduate Open Seminar,OD,"Morales Miranda, Adriana",3.927826086956522
2018,Fall,UP,503,Physical Planning,LCD,"Allred, Dustin",3.88
2017,Spring,ACCY,410,Advanced Financial Reporting,,"Chen, Ciao-Wei",3.1886666666666668
2014,Spring,CS,440,Artificial Intelligence,LCD,"DeJong, Gerald F",2.930387596899225
2018,Fall,SOC,100,Introduction to Sociology,DIS,"Peach, Matthew",3.310689655172414
2015,Spring,BADM,590,Mobile Business Applications,LCD,"Kim, Sung W",3.719230769230769
2014,Fall,PHIL,102,Logic and Reasoning,DIS,"Saenz, Noel B",2.7812499999999996
2011,Spring,PHIL,105,Introduction to Ethics,DIS,"Horne, Zachary S",2.955405405405405
2019,Spring,ASTR,210,Introduction to Astrophysics,LEC,"Kemball, Athol J",3.0439473684210525
2021,Spring,LER,523,Org Fundamentals for HR,ONL,"Benton, Richard",3.6530434782608694
2021,Fall,ENGL,373,Disability and Film,ONL,"Prendergast, Catherine J",3.783478260869565
2014,Fall,ECON,302,Inter Microeconomic Theory,DIS,"Buckley, Bryan D",2.2035714285714287
2021,Spring,CS,484,Parallel Programming,ONL,"Rauchwerger, Lawrence",3.553170731707317
2019,Fall,ECE,313,Probability with Engrg Applic,DIS,"Hajek, Bruce",2.701379310344828
2021,Fall,SHS,450,Intro Audiol & Hear Disorders,LCD,"Mertes, Ian B",3.4918292682926833
2012,Fall,SOC,100,Introduction to Sociology,DIS,"Morrow, Rebecca L",3.721290322580645
2017,Spring,SHS,121,American Sign Language I,,"Dramin Weiss, Susan M",2.6382608695652174
2016,Spring,IB,335,Systematics of Plants,LEC,"Downie, Stephen R",2.8980555555555556
2014,Spring,MATH,441,Differential Equations,LCD,"Tzirakis, Nikolaos",2.453611111111111
2021,Fall,ECON,103,Macroeconomic Principles,OD,"Simon, Pedro V",3.2652272727272726
2012,Fall,PSYC,100,Intro Psych,LCD,"Mu, Wenting",2.609787234042553
2014,Summer,PHYS,102,College Physics: E&M & Modern,LEC,"Carrubba, James G",2.5237142857142856
2010,Fall,EPSY,485,Assessing Student Performance,LEC,"Gannon, Nora K",3.6818796992481206
2011,Summer,SPAN,141,Intro to Spanish Grammar,LCD,"Stasevicius, Maria L",3.0159090909090907
2014,Fall,ABE,341,Transport Processes in ABE,LEC,"Rausch, Kent D",2.9717391304347824
2013,Fall,BADM,521,Marketing Strategy,LCD,"Ghosh, Avijit",3.735185185185185
2011,Spring,HIST,315,"Discovery, Tourism and Travel",LCD,"Liebersohn, Harry M",3.1808333333333327
2016,Spring,GCL,188,IAHSL: Global Epidemics,LCD,"Soto Crespo, Ramon E",3.75
2018,Spring,ASTR,414,Astronomical Techniques,,"Shen, Yue",3.0803999999999996
2011,Summer,CMN,101,Public Speaking,LCD,"Anderson, Lindsay C",3.243461538461538
2010,Fall,MCB,301,Experimental Microbiology,LBD,"Reno, Michael L",3.710434782608695
2021,Fall,BADM,322,Marketing Research,LCD,"Kim, Myoung Hee",3.96675
2016,Spring,CHBE,431,Process Design,LEC,"Vogel, Troy",2.86125
2017,Spring,ECON,420,International Economics,,"Esfahani, Hadi S",3.024146341463415
2013,Spring,HIST,258,20thC World to Midcentury,LCD,"Hayton, Jeff P",2.9825
2013,Spring,PHYS,486,Quantum Physics I,LEC,"Ryu, Shinsei",2.7269230769230766
2019,Fall,REL,110,World Religions,DIS,"Wenneborg, Emily",3.5463999999999998
2020,Spring,SPED,322,Intro Intellectual Disability,LCD,"Light Shriner, Cheryl L",3.8879310344827585
2020,Fall,CHEM,570,Concepts in Chemical Biology,LEC,"Mehta, Angad P",3.5168965517241384
2012,Fall,CHLH,243,Drug Use and Abuse,ONL,"Delic-Ovcina, Lejla",3.3073493975903605
2016,Spring,NPRE,480,Energy and Security,LCD,"Singer, Clifford E",3.4613793103448276
2018,Spring,GLBL,100,Intro to Global Studies,,"Wedig, Timothy E",3.8636363636363638
2016,Fall,CS,173,Discrete Structures,,"Fleck, Margaret M",2.7116216216216213
2013,Spring,BADM,395,Foundations of Entrep.,LCD,"Magelli, Paul J",3.826521739130435
2017,Fall,SHS,222,Lang&Culture Deaf Communities,,"Davies Brenier, Laura",3.8252380952380953
2015,Spring,PSYC,245,Industrial Org Psych,LEC,"Rangel, Bertha",3.4176666666666664
2014,Fall,PSYC,201,Intro to Social Psych,LCD,"Tan, Jia Xin J",2.8506896551724137
2016,Spring,CHEM,237,Structure and Synthesis,LEC,"van der Donk, Wilfred A",2.8081355932203387
2011,Summer,LAS,101,Freshman Seminar,DIS,"Hoffman, Ruth A",3.4663999999999997
2013,Spring,RLST,121,Introduction to Christianity,LEC,"Layton, Richard A",3.5412500000000002
2013,Spring,CEE,480,Foundation Engineering,LCD,"Stark, Timothy D",2.7933333333333334
2021,Fall,GEOG,101,Global Development&Environment,ONL,"Butcher, Sian C",3.803941176470588
2020,Fall,CI,476,Teach Elem & Mid Lang Arts,ONL,"MacGregor, Nancy A",3.8186363636363634
2012,Fall,PS,241,Comp Politics in Dev Nations,LEC,"Winters, Matthew S",2.9618589743589743
2011,Fall,SOC,100,Introduction to Sociology,DIS,"Feely, Ashley C",3.273939393939394
2014,Fall,MACS,101,Intro to the Media,LCD,"Lin, Chunfeng",3.8536
2019,Fall,CMN,101,Public Speaking,LCD,"Hannan, Shawn",3.424090909090909
2018,Spring,MUS,444,Healthy Music Practices,,"Sweet, Bridget M",3.7427272727272722
2011,Fall,RST,110,Leisure Service Delivery,LCD,"Gower, Ryan K",3.6370129870129873
2011,Summer,ECE,459,Communications Systems,LCD,"Schmitz, Christopher",3.2659999999999996
2021,Fall,STAT,420,Methods of Applied Statistics,ONL,"Deeke, Julie M",3.4369148936170206
2012,Fall,IB,105,Environmental Biology,LEC,"Clegg, Benjamin F",3.811158536585366
2020,Summer,IS,504,Reference and Info Services,ONL,"Wong, Melissa A",3.924090909090909
2021,Fall,ABE,436,Renewable Energy Systems,LEC,"Wang, Xinlei",3.3548387096774195
2013,Fall,BADM,300,The Legal Environment of Bus,LEC,"Roszkowski, Mark E",2.8266315789473686
2013,Spring,CEE,449,Environmental Engineering Lab,LBD,"Marinas, Benito J",3.1170270270270266
2013,Spring,STAT,448,Advanced Data Analysis,LCD,"Glosemeyer, Darren W",3.6318421052631575
2014,Spring,ECE,534,Random Processes,DIS,"Milenkovic, Olgica",3.7225
2014,Fall,THEA,101,Introduction to Theatre Arts,ONL,"Morrissette, Jason W",3.7918750000000006
2018,Spring,AGED,260,Intro to Leadership Studies,,"Burgoon, Lisa A",3.4226114649681523
2016,Fall,ACCY,502,Accounting Analysis II,,"Schwartz, Rachel",3.5556410256410254
2018,Spring,HIST,311,Global History of Intelligence,,"Brennan, James R",3.0591176470588235
2011,Summer,ANTH,143,Biology of Human Behavior,DIS,"Clancy, Kathryn B",3.3217857142857143
2015,Fall,CMN,336,Family Communication,LCD,"Wehrman, Erin C",3.297857142857143
2021,Fall,CEE,401,Concrete Materials,LEC,"Henschen, Jacob D",3.6177777777777775
2015,Summer,ECE,220,Computer Systems & Programming,LEC,"Kindratenko, Volodymyr",2.7584848484848483
2020,Fall,ASRM,461,Loss Models,ONL,"Cole, Paa Kow",3.2296875
2014,Fall,PSYC,100,Intro Psych,LCD,"Tan, Chin Hong",2.883953488372093
2013,Spring,MCB,247,Human Anat & Physiol Lab II,LAB,"Brown, Chester M",3.0586206896551724
2019,Spring,SOC,274,"Health, Illness and Society",ONL,"VanHeuvelen, Jane",3.5035849056603774
2016,Spring,AE,323,Applied Aerospace Structures,LCD,"Geubelle, Philippe H",2.6115
2016,Spring,SHS,120,"Child, Comm, & Lang Ability",ONL,"Wachtel, Jayne M",3.717948717948718
2011,Spring,LER,120,Contemporary Labor Problems,ONL,"King, Judith L",2.311935483870968
2021,Fall,ARTD,270,Design Methods,OLB,"Ruecker, Stanley",3.301904761904762
2010,Spring,CMN,112,Oral & Written Comm II,LCD,"Chupp, Elizabeth L",3.6354545454545457
2011,Spring,RLST,110,World Religions,DIS,"You, Yu-Shan",3.370357142857143
2012,Fall,SOCW,589,Social Work and the Law,LCD,"Kopels, Sandra L",3.534
2020,Spring,AE,353,Aerospace Control Systems,LCD,"Bretl, Timothy W",2.955254237288136
2021,Fall,STAT,527,Advanced Regression Analysis,LCD,"Liu, Jingbo",3.8968965517241383
2020,Fall,ACCY,515,Auditing & Assurance Standards,OLC,"Lullo, Michael J",3.390434782608695
2012,Fall,HIST,252,The Holocaust,DIS,"Hayton, Jeff P",3.334761904761905
2013,Fall,LAS,101,Freshman Seminar,DIS,"Hoffman, Ruth A",3.9545454545454546
2020,Spring,JOUR,361,Readings in Sports Journalism,LCD,"Lewis, Jonothan B",3.8268
2018,Spring,GLBL,296,Gender & Intl Human Rights Law,,"Williams, Amy K",3.8808
2015,Fall,BTW,261,Principles Tech Comm,LCD,"Hechler, William D",3.3341666666666665
2010,Fall,IB,107,"Global Warming, Biofuels, Food",LEC,"Leakey, Andrew",3.306756756756757
2018,Fall,ARCH,351,Statics & Dynamics,LEC,"Asem, Pouyan",2.8051724137931036
2015,Spring,ECON,103,Macroeconomic Principles,Q,"Yang, Bei",2.559411764705882
2019,Fall,CI,430,Teaching Children Mathematics,LCD,"Alameh, Sahar K",3.561818181818182
2021,Fall,IS,530,Collection Development,ONL,"Holba Puacz, Jeanne T",3.9583333333333335
2014,Spring,CHLH,101,Introduction to Public Health,DIS,"Wang, Qian",3.227
2020,Spring,MCB,252,"Cells, Tissues & Development",DIS,"Good, Elizabeth A",3.697727272727273
2019,Fall,SHS,572,Counseling in Comm Disorders,LEC,"Hengst, Julie A",3.7311538461538465
2012,Fall,ECON,203,Economic Statistics II,LAB,"Ghosh, Meenakshi",2.4404
2020,Spring,MACS,101,Intro to the Media,LCD,"Ahn, Sungyong",3.6444827586206894
2014,Fall,PHYS,436,Electromagnetic Fields II,LEC,"Wiss, James E",3.3539393939393936
2010,Spring,KIN,104,Skating Activities,LAB,"Vitosky, Caitlin L",3.7225
2011,Summer,MBA,501,Foundations of Bus I-DA,LCD,"Kwon, Hyok-Jon D",3.28671875
2011,Fall,MATH,225,Introductory Matrix Theory,LCD,"Kolb, Hannah R",2.9514285714285715
2011,Summer,HIST,346,The Age of the Renaissance,LCD,"Price, David",3.3207692307692303
2013,Summer,HIST,273,Illinois History,ONL,"Greenstein, David E",3.029574468085107
2011,Spring,RLST,132,Zen,LCD,"Mayer, Alexander L",3.577317073170732
2010,Spring,PHYS,101,College Physics: Mech & Heat,LEC,"Gammie, Charles F",2.4657812500000005
2010,Fall,SOCW,401,Practice I,LEC,"Carter-Black, Janet D",3.9308333333333336
2021,Spring,ECON,302,Inter Microeconomic Theory,OD,"Kim, Sarah J",2.6932
2012,Spring,ECE,350,Fields and Waves II,DIS,"Schutt-Aine, Jose E",3.385
2018,Fall,PS,100,Intro to Political Science,ONL,"Brennan, Bernard J",3.110410958904109
2011,Fall,ECON,202,Economic Statistics I,Q,"Santos, Raul Antonio C",3.222
2012,Fall,BADM,420,Advanced Marketing Management,LCD,"Wolters, Mark E",3.954864864864865
2013,Fall,ENGL,285,Postcolonial Lit in English,LCD,"Koshy, Susan",3.499166666666666
2016,Fall,ENGL,202,Medieval Lit and Culture,,"Norcross, Katherine R",3.3076
2020,Winter,MCB,450,Introductory Biochemistry,ONL,"Alt, Renee L",3.3659677419354836
2011,Summer,IB,100,Biological Sciences,ONL,"Dole, Robert E",2.6547619047619047
2010,Spring,ECON,302,Inter Microeconomic Theory,LCD,"Rashid, Salim",3.119999999999999
2020,Spring,ECON,302,Inter Microeconomic Theory,DIS,"Han, Hyoyoung",3.478
2013,Spring,LA,234,Site Design Studio,LBD,"Hindle, Richard L",2.7314285714285718
2018,Fall,ASTR,122,Stars and Galaxies,LEC,"Dunne, Bryan C",3.2887134502923976
2011,Spring,ADV,483,Audience Analysis,LCD,"Clifton, Rhiannon L",2.952571428571429
2019,Fall,GS,101,Exploring General Studies,LCD,"Walk, Aaron J",3.7915000000000005
2020,Fall,CS,598,Mach Lrng for Signal Processng,ONL,"Smaragdis, Paris",3.934366197183098
2021,Spring,MCB,252,"Cells, Tissues & Development",OD,"Good, Elizabeth A",3.455
2011,Summer,PSYC,210,The Brain and the Mind,LEC,"Gulley, Joshua M",2.54379679144385
2017,Fall,ACCY,202,Accounting and Accountancy II,,"Wu, Tony Y",3.173695652173913
2018,Fall,CHEM,237,Structure and Synthesis,LEC,"White, M C",3.1020408163265305
2019,Spring,AGED,380,Leadership in Groups and Teams,LEC,"Spencer, Gayle",3.511896551724138
2017,Fall,CS,431,Embedded Systems,,"Caccamo, Marco",2.6818181818181817
2016,Fall,SHS,120,"Child, Comm, & Lang Ability",,"Wachtel, Jayne M",3.7901234567901234
2016,Spring,IS,502,Libraries Info and Society,LCD,"Bonn, Maria S",3.491904761904762
2017,Spring,EPSY,490,Prep for Recruitment Counselor,,"Brown, Dawn M",3.9920238095238094
2011,Summer,LAS,101,Freshman Seminar,DIS,"Hoffman, Ruth A",3.6940000000000004
2018,Fall,ME,330,Engineering Materials,LEC,"Mercer, Brian S",3.4552941176470586
2019,Spring,ACCY,515,Auditing & Assurance Standards,LCD,"Williams, Devin J",3.4545454545454546
2019,Fall,HIST,171,US History to 1877,DIS,"Kosovych, Silvia",3.3980952380952383
2016,Fall,STAT,420,Methods of Applied Statistics,,"Stepanov, Alexey G",3.5671250000000008
2010,Fall,CHEM,237,Structure and Synthesis,LEC,"Katzenellenboge, John A",2.858560606060606
2012,Fall,ECE,343,Electronic Circuits Laboratory,LAB,"Radhakrishnan, Chandrasek",3.8490909090909096
2014,Spring,ECE,420,Embedded DSP Laboratory,LEC,"Levinson, Stephen E",3.334
2013,Spring,HIST,278,US Native Americans Since 1850,LCD,"Gilbert, Matthew",3.2069047619047617
2014,Summer,ACCY,301,Atg Measurement & Disclosure,LCD,"Asante Appiah, Bright",3.348181818181818
2020,Spring,CI,415,"Lang Varieties,Cult,& Learning",LCD,"Putri, Noerhayati I",3.892857142857143
2020,Fall,ADV,281,Advertising Research Methods,OLB,"Shabalina, Olga I",3.3334615384615387
2015,Spring,ANSC,207,Companion Animal Biology &Care,ONL,"Brandt, Jessica R",3.311702127659574
2010,Summer,TAM,335,Introductory Fluid Mechanics,LEC,"Keane, Richard D",3.2056410256410257
2018,Spring,EPS,529,Education and Human Rights,,"Dhillon, Pradeep A",3.959827586206896
2010,Spring,CPSC,116,The Global Food Production Web,LCD,"Bohn, Martin O",3.917948717948718
2010,Spring,PSYC,321,Human Memory,LEC,"Brewer, William F",2.9743589743589745
2016,Spring,ECON,203,Economic Statistics II,LAB,"Kelly, James C",2.718717948717949
2011,Fall,GEOG,110,Geography of Intl Conflicts,LCD,"Chi, Sang hyun",3.674882352941176
2019,Fall,MCB,413,Endocrinology,LEC,"Raetzman, Lori T",3.1839999999999993
2017,Fall,PSYC,403,Memory and Amnesia,,"Schwarb Rohrig, Hillary D",3.7916666666666665
2019,Fall,NRES,100,Fundamentals of Env Sci,LEC,"Coon, Jaime J",3.6470238095238097
2020,Spring,KIN,104,Skating Activities,LAB,"Biernacki, Rebecca L",3.7555555555555555
2019,Fall,MCB,101,Intro Microbiology Laboratory,LAB,"Alt, Renee L",3.105909090909091
2013,Summer,CHLH,101,Introduction to Public Health,LEC,"Wang, Qian",2.9646428571428567
2015,Spring,MSE,206,Mechanics for MatSE,LEC,"Krogstad, Jessica A",3.0034653465346537
2011,Summer,BTW,250,Principles Bus Comm,LCD,"Hechler, William D",2.894090909090909
2015,Fall,BADM,590,Bus.Ethics&Corp.Responsibility,LCD,"Loyd, Denise L",3.5209375
2016,Fall,ENGL,402,Descriptive English Grammar,,"Prior, Paul A",3.6347619047619055
2018,Fall,CEE,498,Wind Engineering,LCD,"Lombardo, Franklin T",3.591851851851852
2014,Summer,CLCV,102,Medical Terms-GRK & LAT Roots,ONL,"Dee, Nicholas M",2.5491176470588237
2021,Spring,KIN,125,Orientation KIN & Comm Health,OD,"O'Neill, Amy",3.8130841121495327
2021,Fall,ENG,491,Cubesat 1,LEC,"Lembeck, Michael F",3.9523809523809526
2021,Fall,BUS,101,Prof Responsibility & Business,LCD,"Barbeau, Aimee",3.910769230769231
2015,Fall,NRES,419,Env and Plant Ecosystems,LCD,"Matthews, Jeffrey W",3.141538461538462
2020,Spring,ECE,486,Control Systems,DIS,"Dong, Roy",3.3335999999999997
2011,Fall,CHLH,206,Human Sexuality,LCD,"Davis, Kristen H",3.227727272727273
2021,Spring,JOUR,215,Multimedia Reporting,OLC,"Johnson, Brian K",3.1935483870967745
2010,Fall,CHLH,421,Health Data Analysis,LCD,"Bronson-Lowe, Daniel L",3.2085
2010,Spring,CHLH,304,Foundations of Health Behavior,DIS,"Nesbitt, Matthew L",3.8247368421052625
2020,Spring,ARTH,260,Graffiti and Murals,LEC,"Vazquez, Oscar",3.1458904109589043
2017,Fall,CPSC,113,"Environment, Agric, & Society",,"Rayburn, A L",3.515625
2017,Fall,TAM,251,Introductory Solid Mechanics,,"Sohn, Mariana S",2.8454878048780485
2020,Fall,ACCY,505,Federal Taxation B,ONL,"Hutchens, Matthew",3.5989406779661017
2014,Fall,CMN,212,Intro to Organizational Comm,LCD,"Proulx, Jeffrey",3.0348275862068967
2017,Fall,CHEM,103,General Chemistry Lab I,,"Deutscher, Wesley A",3.6550000000000002
2020,Fall,ESE,200,Earth Systems,ONL,"Brown, Constance M",3.020952380952381
2014,Fall,ARCH,231,Anatomy of Buildings,LEC,"Deutsch, Randall",2.905982905982906
2017,Fall,THEA,101,Introduction to Theatre Arts,,"Morrissette, Jason W",3.526
2016,Fall,STAT,212,Biostatistics,,"Zhao, Sihai D",3.2427083333333333
2015,Fall,MATH,124,Finite Mathematics,LCD,"Huan, Zhen",2.607272727272727
2016,Fall,MCB,245,Human Anat & Physiol Lab I,,"Swigart, James P",2.6078571428571427
2015,Fall,AE,483,Aerospace Decision Algorithms,LCD,"Gao, Xingxin",3.4935869565217383
2011,Summer,RHET,105,Principles of Composition,LCD,"Wong, Daniel S",3.879545454545455
2018,Spring,ECON,203,Economic Statistics II,,"Poloni Sant Ann, Vinicios",2.8121818181818186
2019,Spring,ANTH,246,Forensic Science,ONL,"Hughes, Cris E",3.6722735674676525
2014,Fall,THEA,101,Introduction to Theatre Arts,ONL,"Morrissette, Jason W",3.696666666666667
2021,Fall,LAW,607,Civil Procedure,LEC,"Anderson, Sean M",3.3956756756756756
2019,Fall,CEE,398,Project Based Learning in CEE,LCD,"Roesler, Jeffery R",3.5722857142857145
2015,Fall,GS,101,Exploring General Studies,LCD,"Watson, Sarah D",3.3890000000000002
2010,Fall,BTW,250,Principles Bus Comm,LCD,"Tanyavutti, Eric",3.8474999999999997
2020,Fall,CLCV,115,Mythology of Greece and Rome,OD,"Rahat, Guy",3.643793103448276
2017,Spring,ARTH,113,Introduction to African Art,,"Richter, Sarah D",3.145217391304348
2019,Spring,ACCY,302,Decision Making for Atg,LCD,"Fanning, Kirsten B",3.4003999999999994
2019,Fall,SOC,200,Intro to Sociological Theory,LCD,"Peach, Matthew",3.3946753246753243
2014,Spring,GEOG,103,Earth's Physical Systems,LEC,"Zinger, Jessica A",3.206333333333333
2013,Summer,SOC,100,Introduction to Sociology,ONL,"Peach, Matthew",2.6533333333333333
2015,Spring,LER,561,Compensation Systems,LCD,"Martocchio, Joseph J",3.8976923076923082
2010,Fall,THEA,105,Intro to Costume Technology,LEC,"Thompson, Joe B",3.5315625
2015,Spring,CLCV,115,Mythology of Greece and Rome,DIS,"Foulk, John M",3.2264285714285714
2013,Fall,LAS,101,Freshman Seminar,DIS,"Hoffman, Ruth A",3.5558333333333336
2013,Fall,SPAN,303,The Sounds of Spanish,LCD,"Scarpace, Daniel L",3.1111111111111116
2016,Spring,SOC,225,Race and Ethnicity,LEC,"Kim, Soo Mee",3.3334615384615387
2010,Fall,UP,503,Physical Planning,LCD,"Deal, Brian M",3.8699999999999997
2014,Spring,ME,330,Engineering Materials,LEC,"Wagoner Johnson, Amy J",2.9444999999999992
2016,Fall,ECON,102,Microeconomic Principles,,"Farhoodi, Abdollah",2.8720512820512822
2015,Fall,ACCY,301,Atg Measurement & Disclosure,LCD,"Wang, Zhiguang",3.412058823529412
2015,Fall,ECON,462,Macroeconomic Policy,LCD,"Paiva, Claudio A",2.8393103448275863
2015,Spring,PHYS,486,Quantum Physics I,LEC,"Beck, Douglas H",2.7026190476190473
2013,Fall,LER,598,Impl High Perf Work Systems,LCD,"Cutcher-Gershen, Joel E",3.750833333333333
2017,Fall,PHYS,150,Physics of Societal Issues,,"Filippini, Jeffrey P",2.9872
2011,Spring,CHLH,550,Health Policy: United States,LCD,"Notaro, Stephen J",3.885
2011,Spring,CS,438,Communication Networks,LCD,"Godfrey, Philip B",2.571714285714286
2011,Spring,HIST,300,Topics in Film and History,LCD,"Fouche, Rayvon D",3.8438235294117646
2013,Spring,ECE,340,Semiconductor Electronics,DIS,"Pop, Eric",2.9051136363636365
2010,Spring,ECE,110,Intro Elec & Computer Engrg,LEC,"Frizzell, Leon A",2.8561538461538465
2021,Spring,NPRE,199,Undergraduate Seminar,ONL,"Uddin, Rizwan",3.9393939393939394
2017,Spring,IE,598,Electronic Trading,,"Lariviere, David",3.6514285714285717
2011,Summer,KIN,133,Movement Skills-Dance,LBD,"Poh, Paula",3.568235294117647
2019,Spring,LAW,604,Criminal Law,LEC,"Ross, Jacqueline E",3.189047619047619
2011,Summer,CHEM,103,General Chemistry Lab I,LAB,"Rankin, Kory M",3.185245901639344
2021,Fall,MATH,415,Applied Linear Algebra,LCD,"Hirani, Anil N",3.054640522875817
2010,Spring,ECE,190,Intro to Computing Systems,LCD,"Kindratenko, Volodymyr",2.2758620689655173
2011,Fall,ENGL,251,The American Novel Since 1914,LCD,"Odom, Michael J",3.374242424242424
2019,Fall,LAW,602,Property,LCD,"Ross, Richard J",3.204307692307693
2019,Spring,LER,590,Negotiation Prin in HR Context,ONL,"Cardador, Maria T",3.794137931034483
2021,Spring,CHEM,105,General Chemistry Lab II,OLC,"Gunasekera, Mutha Merenna",3.6804411764705884
2016,Fall,CMN,476,Commercialism and the Public,,"Stole, Inger L",3.5116666666666663
2014,Spring,PSYC,413,Psychopharmacology,LEC,"Gulley, Joshua M",2.8898165137614678
2011,Spring,ACCY,303,Atg Institutions and Reg,LCD,"Li, Yue",3.1990476190476187
2010,Spring,HIST,100,Global History,DIS,"Ghamari-Tabrizi, Behrooz",3.0865217391304345
2018,Fall,FIN,321,Advanced Corporate Finance,LCD,"Peters, Stephen R",3.272222222222222
2021,Fall,STAT,200,Statistical Analysis,ONL,"Fireman, Ellen S",3.637795031055901
2015,Fall,ENG,360,Entrepreneurship for Engineers,LCD,"Durack, Gary P",3.69
2012,Fall,CI,467,Princ Tchg Lit to Child Youth,LCD,"MacGregor, Nancy A",3.68125
2017,Spring,MBA,505,Negotiations,,"Loewenstein, Jeffrey",3.3745454545454545
2017,Fall,ENGL,218,Introduction to Shakespeare,,"Gray, Catharine E",3.3343478260869563
2014,Fall,HORT,301,Woody Landscape Plants I,LEC,"Kling, Gary J",2.723448275862069
2014,Spring,MATH,415,Applied Linear Algebra,LCD,"Bergvelt, Maarten J",2.948095238095238
2011,Spring,CMN,101,Public Speaking,LCD,"Pusateri, Kimberly B",2.7586363636363633
2011,Spring,SHS,200,General Phonetics,LEC,"Grindrod, Christopher M",2.8990217391304345
2017,Spring,PHIL,103,Logic and Reasoning QR II,,"Saenz, Noel B",2.6678260869565213
2015,Spring,HRD,530,Organization Development,ONL,"Li, Jie",3.962962962962963
2020,Fall,LAS,199,Design Your College Success,ONL,"Valentin, Kristy M",2.6323529411764706
2017,Fall,CHEM,102,General Chemistry I,,"Gunasekera, Mutha Merenna",2.5647575757575756
2011,Summer,CHLH,206,Human Sexuality,LCD,"Hann, Lena",2.7383386581469646
2021,Spring,CHLH,206,Human Sexuality,OLC,"Oke, Adeyosola O",3.533333333333333
2010,Fall,CPSC,541,Regression Analysis,LEC,"Bullock, Donald G",3.655666666666667
2018,Fall,HIST,130,History of South Asia,LCD,"Ali, Tariq O",3.3753125
2011,Fall,RHET,243,Inter Expository Writing,LCD,"Haber, Baron W",2.9690476190476196
2020,Fall,MATH,199,Undergraduate Open Seminar,ONL,"McNeilly, Jennifer R",3.8120608108108103
2010,Spring,CHLH,101,Introduction to Public Health,DIS,"Glassner, Jorie A",3.2874418604651168
2018,Spring,POL,115,Intro to Polish Culture,,"Gasyna, George Z",3.88375
2019,Fall,LAS,101,Design First Year Experience,DIS,"Soranso, Murillo S",3.518888888888889
2021,Fall,IS,203,Analytical Fndts Info Problems,ONL,"Wickett, Karen M",3.5975862068965516
2020,Fall,ANTH,246,Forensic Science,ONL,"Malhi, Ripan S",3.4123280423280424
2010,Fall,CEE,457,Groundwater,LCD,"Valocchi, Albert J",3.1914999999999996
2018,Fall,CMN,429,Race and the Mass Media,LCD,"Dixon, Travis L",3.4027586206896547
2012,Fall,ATMS,301,Atmospheric Thermodynamics,LEC,"McFarquhar, Greg M",3.1415151515151516
2019,Fall,ECON,103,Macroeconomic Principles,DIS,"McDermott, Eric M",3.1108333333333333
2019,Fall,CI,405,Intro Tchg Elem Age Children,LEC,"Dean, Sheila R",3.52125
2012,Fall,KIN,239,Coaching Strategies,LEC,"Hardin, Donald R",3.489646017699115
2014,Spring,AAS,100,Intro Asian American Studies,DIS,"Thomas, Merin A",3.53
2016,Spring,MACS,395,Introduction to Digital Video,LCD,"Baird, Robert T",3.8027272727272727
2019,Fall,AAS,100,Intro Asian American Studies,DIS,"Kang, Yoonjung",3.301290322580645
2017,Spring,MDIA,293,Photography for Everyone,,"Johnson, Brian K",3.4930434782608693
2014,Spring,CHLH,415,International Health,LEC,"Schwingel, Andiara",3.545
2020,Fall,KIN,262,"Motor Develop, Growth & Form",OLC,"Carlson, Kristin N",3.275294117647059
2010,Spring,TAM,212,Introductory Dynamics,LCD,"Haber, Robert B",2.9741935483870967
2018,Spring,LA,314,History of World Landscapes,,"Kraszewska, Katherine T",3.7811363636363637
2013,Fall,FIN,435,Personal Wealth Management,LCD,"Sinow, David M",3.4108928571428576
2016,Fall,SOCW,380,Social Work & Dis Studies,,"Wilson Smith, Carol J",3.8266666666666667
2020,Fall,PS,201,US Racial & Ethnic Politics,ONL,"Moreira, Jair A",3.5656060606060604
2017,Spring,LAW,601,Contracts,,"Kar, Robin B",3.220666666666667
2015,Spring,ECON,103,Macroeconomic Principles,Q,"Zhang, Zheng",2.743142857142857
2019,Spring,SHS,352,Hearing Health and Society,LCD,"Chambers, Ronny D",3.980392156862745
2021,Fall,REL,110,World Religions,DIS,"Justice, David C",3.8892592592592594
2019,Spring,THEA,101,Introduction to Theatre Arts,ONL,"Morrill, Andrew K",3.5335555555555556
2015,Spring,LLS,320,Gender & Latina/o Migration,LCD,"Rosas, Gilberto",3.1752380952380954
2018,Winter,SOC,100,Introduction to Sociology,ONL,"Steward, Daniel J",3.3874999999999997
2021,Summer,ANTH,103,Anthro in a Changing World,ONL,"Cox, Nicole A",3.3507017543859647
2020,Fall,CW,100,Intro to Creative Writing,ONL,"Quaney, Kent J",3.87
2014,Fall,ADV,393,Advertising and Society,LCD,"Olson, Katrina M",3.8532110091743115
2015,Fall,BUS,101,Business Prof Responsibility,LCD,"DeBrock, Lawrence M",3.6782758620689657
2021,Fall,MATH,213,Basic Discrete Mathematics,LCD,"Ivanov, Sergei V",3.322580645161291
2020,Fall,MATH,482,Linear Programming,ONL,"Hodges, Reuven M",3.3333333333333335
2016,Fall,KIN,104,Ice Skating,,"Clarke, Caitlin L",3.938775510204082
2017,Fall,ECON,103,Macroeconomic Principles,,"McDermott, Eric M",2.9605882352941175
2019,Fall,STAT,385,Statistics Programming Methods,LCD,"Kinson, Christopher L",3.807948717948718
2019,Fall,ADV,498,The Sandage Project,LCD,"Meron, Shachar",3.8855172413793104
2018,Spring,ACCY,304,Accounting Control Systems,,"Li, Wei",3.225294117647059
2011,Spring,CMN,101,Public Speaking,LCD,"White, Natalie",2.727272727272727
2019,Fall,DANC,100,Intro to Contemporary Dance,ONL,"Beck, Kenneth D",3.822872340425532
2011,Summer,RST,457,Tourism Development,LCD,"Hryhorczuk, Nicholas D",3.9234615384615386
2017,Fall,HIST,100,Global History,,"Green, Christopher",3.136818181818182
2012,Fall,CS,105,Intro Computing: Non-Tech,LBD,"Zhao, Kai",3.5041463414634144
2011,Fall,FR,101,Elementary French I,LCD,"Chazal, Kirby C",2.8795454545454544
2014,Fall,ANSC,100,Intro to Animal Sciences,LEC,"Parrett, Douglas F",3.2016363636363634
2016,Fall,ECON,102,Microeconomic Principles,,"Diaz Klaassen, Felipe",3.2125000000000004
2016,Fall,BADM,572,Stat for Mgt Decision Making,,"Kwon, Hyok-Jon D",3.6190322580645162
2020,Spring,ACCY,304,Accounting Control Systems,LCD,"Wu, Martin G",3.458
2016,Spring,CHEM,444,Physical Chemistry II,LEC,"Dlott, Dana D",3.125
2015,Fall,AE,199,Student Aircraft Builders,LCD,"Geubelle, Philippe H",3.9523809523809526
2016,Spring,MCB,253,Exp Techniqs in Cellular Biol,LAB,"Good, Elizabeth A",3.7147619047619043
2020,Fall,LAST,170,Introduction to Latin America,OD,"Grimaldi Calder, Grazzia",3.574
2021,Fall,AHS,199,Undergraduate Open Seminar,ONL,"Carter, April L",3.63875
2011,Summer,CS,101,Intro Computing: Engrg & Sci,LBD,"Gambill, Thomas N",3.1892307692307695
2018,Spring,CHEM,105,General Chemistry Lab II,,"Marville, Kelly",3.7975
2021,Spring,IS,505,Info Org and Access,ONL,"Choi, Inkyung",3.9790625
2019,Spring,CHBE,494,Comp Methods in Chemical Engr,LEC,"Rao, Christopher V",3.854375
2014,Spring,MATH,461,Probability Theory,LCD,"Li, Xiaochun",3.1074193548387097
2015,Fall,ARCH,409,Special Topics in Spanish Arch,CNF,"Martinez Martin, Raul",3.0360714285714288
2020,Spring,RST,340,Facility Management in RST,LCD,"Deterding, Robyn M",3.7083333333333326
2019,Fall,ENGL,204,Renaissance Lit and Culture,LCD,"Gross, Hilary J",3.536521739130435
2013,Spring,FIN,221,Corporate Finance,DIS,"Agarwal, Charu",3.1817142857142855
2011,Spring,CMN,464,Health Communication Campaigns,LCD,"Quick, Brian L",3.543428571428571
2013,Spring,ACE,161,Microcomputer Applications,ONL,"Rogalla, Valerie",2.761904761904762
2014,Spring,MSE,402,Kinetic Processes in Materials,LCD,"Averback, Robert S",3.1466371681415928
2017,Fall,CMN,230,Intro to Interpersonal Comm,,"Guntzviller, Lisa",3.321814159292035
2012,Fall,FR,101,Elementary French I,LCD,"Laforet, Johnny A",3.302857142857142
2017,Summer,CHLH,274,Introduction to Epidemiology,,"Rosenblatt, Karin A",3.189
2019,Spring,EPSY,201,Educational Psychology,LEC,"McConney, Marc",3.73906432748538
2011,Spring,ENGL,109,Intro to Fiction-ACP,LCD,"Dennis, Sarah",3.5558333333333336
2011,Fall,FSHN,199,Issues & Careers in Dietetics,LEC,"Plawecki, Karen L",3.6206896551724137
2015,Fall,PS,390,American Foreign Policy,LCD,"Rumsey, Jessie G",3.3525
2021,Spring,ATMS,140,Climate and Global Change,OLC,"Hence, Deanna",2.6492
2015,Spring,MATH,115,Preparation for Calculus,LCD,"Gupta, Neha",1.9458904109589044
2011,Spring,KIN,104,Skating Activities,LAB,"Weber, Melissa B",3.9753703703703707
2010,Fall,SHS,411,Intro to Voice Disorders,LCD,"Zu, Yihe",3.6333333333333333
2011,Spring,LA,314,History of World Landscapes,LEC,"Harris, Dianne S",2.9917499999999997
2015,Spring,ECON,102,Microeconomic Principles,Q,"Bottan, Daria",3.414390243902439
2012,Spring,ANTH,103,Anthro in a Changing World,ONL,"Moodie, Ellen",3.168275862068966
2011,Spring,FSHN,518,Chemistry of Lipids in Foods,ONL,"Artz, William E",3.9366666666666665
2020,Spring,VM,608,Pathobiology III,LEC,"Barger, Anne M",3.393700787401575
2011,Spring,IB,109,Insects and People,LEC,"Berenbaum, May R",2.875
2020,Spring,SPAN,320,Spanish Cultural Studies II,LCD,"Martinez-Quirog, Pilar",3.6666666666666665
2016,Fall,ARTH,112,Renaissance to Modern Art,,"Henry, Mollie A",3.1313043478260867
2013,Fall,MATH,416,Abstract Linear Algebra,LCD,"Rezk, Charles W",3.1604347826086956
2015,Fall,ECON,102,Microeconomic Principles,Q,"Szewerniak, Wojciech W",3.313030303030303
2018,Spring,MATH,482,Linear Programming,,"Linz, William B",2.6672413793103447
2016,Spring,CHEM,420,Instrumental Characterization,LEC,"Bailey, Ryan C",3.058375
2016,Fall,CEE,470,Structural Analysis,,"Duarte, Carlos A",2.869019607843137
2015,Fall,THEA,101,Introduction to Theatre Arts,ONL,"Morrissette, Jason W",3.709574468085106
2011,Spring,AAS,120,Intro to Asian Am Pop Culture,DIS,"Lee, Alexander J",2.7464000000000004
2010,Fall,BUS,120,Business Honors Seminar,LCD,"Hedeman, John H",3.981388888888889
2021,Fall,STAT,207,Data Science Exploration,LEC,"Ellison, Victoria M",3.2003333333333335
2019,Fall,ACCY,505,Federal Taxation,LCD,"Alt, Amanda J",3.2739393939393935
2010,Fall,ENGL,204,Renaissance Lit and Culture,LCD,"Luttfring, Sara D",3.0957142857142856
2010,Summer,ADV,300,Introduction to Advertising,LCD,"Olson, Katrina M",3.5410810810810807
2018,Spring,CHEM,588,Physical Methods Mat Chem,,"Nuzzo, Ralph G",3.845666666666667
2017,Spring,ACCY,503,Managerial Accounting,,"Vance, Thomas W",3.523529411764706
2021,Fall,STAT,400,Statistics and Probability I,LEC,"Yu, Albert",3.6382978723404253
2013,Spring,BADM,379,Business Process Improvement,LCD,"Anand, Gopesh J",3.3126530612244904
2017,Fall,ARCH,476,Arch Design & Exploration,,"Lapunzina, Alejandro",3.6296296296296298
2019,Fall,ACCY,201,Accounting and Accountancy I,DIS,"Fisher, Mitchell B",2.457037037037037
2011,Spring,CEE,310,Transportation Engineering,LCD,"Buttlar, William G",3.2399999999999993
2019,Summer,MACS,356,Sex & Gender in Popular Media,ONL,"Robinson, Jessica L",3.048095238095238
2014,Spring,MSE,405,Microstructure Determination,LEC,"Shoemaker, Daniel P",2.842528735632184
2012,Fall,PHYS,485,Atomic Phys & Quantum Theory,LEC,"Wiss, James E",3.1447826086956523
2011,Summer,NPRE,431,Materials in Nuclear Eng,LCD,"Stubbins, James F",3.199666666666667
2013,Spring,ACCY,202,Accounting and Accountancy II,DIS,"Wirt, Justin R",3.4007692307692308
2010,Fall,STAT,212,Biostatistics,LCD,"Zhong, Wenxuan",3.5560606060606057
2021,Summer,CHLH,210,Community Health Organizations,ONL,"Pellum, Danielle M",2.8493939393939396
2020,Winter,ANSC,205,World Animal Resources,ONL,"Emmert, Jason L",3.8499999999999996
2017,Spring,CS,465,User Interface Design,,"Fu, Wai-Tat",3.341491712707182
2021,Fall,CEE,330,Environmental Engineering,ONL,"Nguyen, Thanh H",3.5294117647058822
2018,Fall,MCB,400,Cancer Cell Biology,LEC,"Prasanth, Supriya G",3.2304597701149427
2010,Fall,IB,106,Extinction: Dinosaurs to Dodos,LEC,"Punyasena, Surangi W",3.231895734597156
2011,Spring,STAT,448,Advanced Data Analysis,LEC,"Muyot, Maria E",3.7970731707317076
2013,Spring,ACCY,405,Assurance and Attestation,LCD,"Thompson, Anne M",3.447631578947368
2019,Fall,GS,101,Exploring General Studies,ONL,"Myers, Michael D",3.1500000000000004
2015,Fall,MBA,501,Accountancy I,LCD,"Trotman, Kenneth T",3.4392105263157893
2021,Spring,CS,512,Data Mining Principles,ONL,"Tong, Hanghang",3.291875
2014,Spring,ECE,561,Detection & Estimation Theory,DIS,"Veeravalli, Venugopal V",3.7314285714285713
2013,Fall,ADV,491,Advertising Management Plan,LCD,"DiBerardino, Linnea J",3.5906250000000006
2013,Fall,MATH,444,Elementary Real Analysis,LCD,"Guo, Jingwei",3.1111111111111116
2014,Spring,ECE,313,Probability with Engrg Applic,DIS,"Dominguez-Garci, Alejandr",2.1464
2013,Fall,ACCY,201,Accounting and Accountancy I,DIS,"Huang, John",3.126756756756757
2016,Fall,PSYC,201,Intro to Social Psych,,"Albarracin, Dolores",3.1017391304347828
2010,Spring,ACCY,202,Accounting and Accountancy II,DIS,"Miller, Michael J",3.2858333333333336
2020,Spring,CHEM,232,Elementary Organic Chemistry I,LEC,"Axelson, Jordan C",2.8644363636363637
2010,Spring,CHLH,260,Introduction to Medical Ethics,LCD,"Herrmann, Lynn",3.3336111111111113
2020,Spring,CHEM,102,General Chemistry I,ONL,"Marville, Kelly",2.578529411764706
2013,Fall,NRES,348,Fish and Wildlife Ecology,LEC,"Ward, Michael P",3.3575510204081636
2012,Fall,ABE,223,ABE Principles: Machine Syst,LEC,"Grift, Tony E",3.694918032786885
2018,Spring,HIST,220,Traditional China,,"Chow, Kai-Wing",2.6544444444444446
2013,Fall,CS,421,Progrmg Languages & Compilers,LCD,"Gunter, Elsa",3.0295161290322588
2014,Spring,HIST,281,Constructing Race in America,DIS,"Peralta, Christine N",3.0730434782608693
2017,Spring,MDIA,370,Advanced Media Sales,,"Raquel, Steve A",3.584588235294118
2019,Fall,BADM,525,New Product Development,LCD,"Mehta, Ravi P",3.71078947368421
2014,Spring,STAT,100,Statistics,ONL,"Nute, Michael G",3.282457627118644
2021,Fall,ECON,102,Microeconomic Principles,DIS,"Buller, David H",3.462962962962963
2015,Fall,CS,105,Intro Computing: Non-Tech,LBD,"Fagen, Wade A",3.6852777777777774
2015,Spring,LAW,634,Securities Regulation,LCD,"Johnson, Kristin",3.3931818181818176
2011,Fall,LER,110,Labor and Social Movements,ONL,"Labarbera-Twaro, Emily",2.023448275862069
2018,Spring,ANSC,450,Comparative Immunobiology,,"Steelman, Andrew J",2.9827586206896552
2011,Spring,GE,331,Analyt Methods for Uncertainty,LEC,"Koksal, Gulser",2.8754166666666667
2013,Fall,STAT,420,Methods of Applied Statistics,LCD,"Stepanov, Alexey G",3.4693406593406584
2017,Fall,CS,173,Discrete Structures,,"Fleck, Margaret M",3.0126923076923076
2021,Fall,ECON,203,Economic Statistics II,DIS,"Ghosh, Anomita",2.52741935483871
2020,Fall,FIN,321,Advanced Corporate Finance,ONL,"Huang, Jiekun",3.7051428571428575
2019,Fall,BADM,593,Mktg Insights Using Survey Res,LCD,"Noel, Hayden N",3.7168085106382978
2018,Spring,PS,220,Intro to Public Policy,,"Ashley, Jeffrey S",2.7747402597402595
2018,Spring,PSYC,238,Psychopathol & Probs in Living,,"Lyubansky, Mikhail",3.3986956521739136
2015,Summer,ECE,205,Elec & Electronic Circuits,LEC,"Cheng, Zuofu",3.4377142857142857
2016,Fall,LAW,603,Torts,,"Wexler, Lesley M",3.07625
2018,Spring,ECON,103,Macroeconomic Principles,,"Ma, Sen",2.789333333333333
2019,Fall,FIN,463,Investment Banking,LCD,"Metzger, Robert L",3.500625
2010,Fall,CS,373,Theory of Computation,LEC,"Viswanathan, Mahesh",2.966122448979591
2014,Spring,ENG,199,Undergraduate Open Seminar,ONL,"Somnath, Nisha",3.0143478260869565
2011,Summer,ACCY,201,Accounting and Accountancy I,DIS,"Spread, Samuel C",3.4095
2021,Spring,ATMS,100,Introduction to Meteorology,OLC,"Frame, Jeffrey",2.8775316455696203
2018,Fall,ECON,102,Microeconomic Principles,DIS,"DiIanni, Isaac",2.9355555555555557
2019,Fall,AFRO,105,Black Literature in America,LCD,"Hunt, Irvin J",3.5893333333333333
2019,Spring,MACS,101,Intro to the Media,LCD,"Malo, Gabriel R",3.566333333333333
2010,Spring,ENGL,104,Intro to Film,LCD,"Condis, Megan A",3.485151515151515
2018,Fall,ENGL,104,Intro to Film,LCD,"Camargo, Sandra",2.7775000000000003
2020,Spring,PLPA,204,Introductory Plant Pathology,LEC,"Schroeder, Nathan E",3.063125
2018,Fall,HIST,120,East Asian Civilizations,DIS,"Zhang, Shaodan",3.5420833333333337
2015,Fall,ECE,329,Fields and Waves I,DIS,"Wasserman, Daniel M",2.9299999999999997
2014,Fall,MUS,501,Western Music before 1750,LCD,"Macklin, Christopher B",3.33375
2021,Spring,RST,480,Orientation to Internship,ONL,"Daniels, Terri A",3.6200000000000006
2018,Spring,CHLH,458,Health Administration,,"Cotoc, Crina N",3.7023529411764713
2019,Fall,MCB,436,Global Biosecurity,CNF,"Wilson, Brenda A",3.8433333333333333
2020,Spring,ECE,210,Analog Signal Processing,LEC,"Schuh, Jonathon K",2.645416666666667
2021,Spring,CHEM,442,Physical Chemistry I,OLC,"Jackson, Nicholas E",2.625833333333333
2014,Fall,RHET,233,Adv Rhetoric & Composition,LCD,"Ramais, Thierry",3.491428571428572
2011,Fall,ACCY,515,Auditing & Assurance Standards,LCD,"Beck, Paul J",3.3228125
2020,Spring,ECON,202,Economic Statistics I,LAB,"Schultz, Colleen",3.136296296296296
2020,Spring,CS,357,Numerical Methods I,LCD,"Silva, Mariana T",3.2883435582822087
2010,Fall,CHEM,103,General Chemistry Lab I,LAB,"Rodrigues, Benjamin V",3.3796551724137927
2011,Spring,DANC,106,Jazz Dance II,LAB,"Ribeiro da Silv, Claudio",3.564230769230769
2021,Spring,ACE,306,Food Law,ONL,"Endres, A B",2.9633333333333325
2018,Spring,ACE,161,Microcomputer Applications,,"Rogalla, Valerie",3.68
2020,Fall,ACCY,301,Atg Measurement & Disclosure,OLC,"Mendoza, Scott A",3.2648275862068963
2018,Spring,MBA,505,Negotiations,,"Park, Hun Joon",3.8530232558139534
2020,Spring,KIN,448,Exercise & Health Psychology,LEC,"Gothe, Neha P",3.438947368421053
2016,Spring,CS,484,Parallel Programming,LEC,"Kale, Laxmikant V",3.1783333333333332
2018,Fall,LER,100,Introduction to Labor Studies,ONL,"Franklin, Stephen",1.8339999999999996
2021,Fall,IS,496,Design for Social Interact Exp,ONL,"Huang, Yun",3.5747999999999998
2017,Fall,BTW,250,Principles Bus Comm,,"Hudek, Barry A",3.5708333333333333
2013,Fall,ECE,391,Computer Systems Engineering,LEC,"Kalbarczyk, Zbigniew T",3.19304347826087
2015,Spring,ECE,205,Elec & Electronic Circuits,LEC,"Radhakrishnan, Chandrasek",3.1819354838709675
2011,Spring,SOCW,427,Social Work Research Methods,LCD,"Kang, Jiyoung",3.2731818181818184
2010,Fall,ENGL,119,Literature of Fantasy,LCD,"McQuiston, Erin M",3.0846875000000002
2016,Spring,CI,415,"Lang Varieties,Cult,& Learning",LCD,"Lee, Chaehyun",3.7830434782608697
2014,Fall,CS,433,Computer System Organization,LCD,"Torrellas, Josep",3.166428571428572
2016,Spring,FR,102,Elementary French II,LCD,"Swisher, Emily R",2.9877777777777776
2017,Fall,ECE,310,Digital Signal Processing,,"Bresler, Yoram",2.8533333333333335
2010,Spring,SPAN,204,Practical Review of Spanish,DIS,"Cascajar-Monter, Janire",3.591818181818182
2013,Spring,MCB,252,"Cells, Tissues & Development",DIS,"Good, Elizabeth A",3.318095238095238
2010,Spring,ECE,444,IC Device Theory & Fabrication,DIS,"Coleman, James J",3.2707407407407407
2019,Spring,PS,100,Intro to Political Science,ONL,"Kim, Sanghoon",2.9339999999999997
2013,Fall,EPSY,236,Child Dev For Elemen Teachers,LEC,"Zola, David",3.918117647058824
2016,Fall,LAS,101,Freshman Seminar,,"Soranso, Murillo S",3.8132
2011,Fall,FSHN,420,Nutritional Aspects of Disease,LEC,"Teran-Garcia, Margarita D",3.090714285714286
2020,Fall,ECE,110,Introduction to Electronics,OLC,"Schmitz, Christopher",3.4873076923076924
2010,Spring,MUS,408,Analysis of Musical Form,LCD,"Blume, Philipp",3.7938095238095233
2016,Spring,MCB,252,"Cells, Tissues & Development",DIS,"Good, Elizabeth A",3.4928571428571424
2011,Spring,ANSC,207,Companion Animal Biology &Care,ONL,"Faber, Trevor A",3.386774193548387
2012,Fall,ACCY,200,Fundamentals of Accounting,LCD,"Silhan, Peter A",3.0713999999999997
2020,Fall,MACS,100,Intro to Popular TV & Movies,OD,"Pyo, Yeah In",3.885625
2013,Fall,CHLH,573,Biostatistics in Public Health,LEC,"Andrade, Flavia C",3.6412
2012,Fall,LAS,101,Freshman Seminar,DIS,"Hoffman, Ruth A",3.682727272727273
2013,Spring,PS,382,Intl Political Economy,LCD,"Hastings, Laura A",3.3549350649350647
2010,Spring,PATH,643,Diseases of Poultry,LEC,"Kohrt, Laura J",3.0927826086956522
2015,Fall,AAS,215,US Citizenship Comparatively,LCD,"Cacho, Lisa M",2.8055172413793104
2015,Summer,MATH,415,Applied Linear Algebra,ONL,"Carpenter, Bruce",2.921764705882353
2015,Spring,SOCW,410,Social Welfare Pol and Svcs,LEC,"Mauck, Carol W",3.877666666666667
2016,Spring,RLST,109,Religion & Society in West II,LCD,"Rosenstock, Bruce",3.7726829268292685
2018,Spring,BADM,403,Corporate & Commercial Law,,"Wright, Margaret",3.744782608695652
2010,Fall,ACCY,301,Atg Measurement & Disclosure,LCD,"Jackson, Kevin",3.360810810810811
2016,Fall,FSHN,120,Contemporary Nutrition,,"Tappenden, Kelly A",3.2189956331877725
2021,Fall,CLCV,114,Introduction to Greek Culture,LEC,"Sanders, Kirk",3.295409836065574
2018,Fall,THEA,101,Introduction to Theatre Arts,LEC,"Morrissette, Jason W",3.501242937853108
2017,Fall,AE,312,Compressible Flow,,"Dutton, J C",2.876046511627907
2016,Fall,MACS,317,Media History,,"Hay, James W",3.0144
2016,Fall,GLBL,100,Intro to Global Studies,,"Hercog, Metka",3.0264000000000006
2010,Fall,RLST,104,Asian Mythology,DIS,"Evers, John R",3.2758620689655173
2013,Fall,AE,352,Aerospace Dynamical Systems,LCD,"Prussing, John E",2.768842105263158
2018,Fall,SBC,500,SBC Essentials,ONL,"Meron, Shachar",3.9495652173913043
2011,Fall,PS,525,Formal Theory I: Game Theory,LCD,"Svolik, Milan",3.939090909090909
2018,Spring,FIN,546,Real Estate Financial Markets,,"Tchistyi, Alexei V",3.8228125000000004
2011,Fall,EPS,202,Foundations of Education-ACP,DIS,"Connell, Jeanne M",3.8592307692307695
2015,Fall,GEOL,107,Physical Geology,LBD,"Long, Ann D",3.3181818181818183
2015,Summer,SPAN,103,Intermediate Spanish,LCD,"Lugo, Monica E",1.7857142857142858
2012,Fall,MCB,253,Exp Techniqs in Cellular Biol,LAB,"Good, Elizabeth A",3.255238095238095
2015,Spring,PSYC,235,Intro to Statistics,LEC,"Stanley, Sarah E",2.766216216216216
2011,Fall,ARTF,101,Contemporary Issues in Art,LEC,"Mette, Alan T",3.119622641509434
2011,Spring,HDFS,105,Intro to Human Development,LEC,"Reis, Janet M",3.751580882352941
2011,Fall,CHEM,104,General Chemistry II,LEC,"Ray, Christian R",2.5490220820189275
2020,Fall,MCB,150,Molec & Cellular Basis of Life,OD,"Reedy, Melissa M",3.348260869565217
2014,Fall,CI,415,"Lang Varieties,Cult,& Learning",LCD,"Thorstensson Da, Liv S",3.9204761904761902
2018,Spring,ECON,102,Microeconomic Principles,,"Cho, Hee Pyung",3.1342499999999998
2021,Fall,CHP,199,Honors Uncommon Reads,DIS,"Fitzjarrald, Amy E",3.8712903225806454
2015,Fall,THEA,101,Introduction to Theatre Arts,ONL,"Morrissette, Jason W",3.7704444444444447
2014,Fall,BADM,449,Business Policy and Strategy,LCD,"Chung, Ji Yoon",3.617
2018,Spring,MACS,100,Intro to Popular TV & Movies,,"Helmke, William H",3.6972727272727273
2010,Fall,ITAL,103,Intermediate Italian I,LCD,"Kunitz, Silvia",2.88
2016,Fall,ART,100,Understanding Visual Culture,,"Burns, Jennifer",3.656630434782609
2014,Fall,HIST,441,The Roman Empire,LCD,"Mathisen, Ralph W",3.695
2020,Fall,LAS,101,Design First Year Experience,DIS,"Soranso, Murillo S",3.7736
2018,Spring,CS,125,Intro to Computer Science,,"Challen, Geoffrey W",3.456975308641976
2011,Summer,GLBL,296,Global Approaches to Urban...,LCD,"Jovanovic, Milos",3.478695652173913
2016,Fall,CEE,526,Construction Optimization,,"El-Rayes, Khaled A",3.7147619047619043
2012,Fall,CMN,496,Argumentation Design &Analysis,LCD,"Jacobs, Curtis S",3.1433333333333335
2021,Spring,ACCY,575,Data Analytics Apps in ACCY,OLC,"Penn, Michael W",3.750625
2011,Summer,CHEM,203,Accelerated Chemistry Lab I,LEC,"Boulatov, Roman",3.1597435897435897
2014,Spring,ART,102,Drawing for Non-Majors,LAB,"Diddie, Megan R",3.5364285714285715
2015,Spring,PHYS,212,University Physics: Elec & Mag,LEC,"Adshead, Peter J",2.8018014705882353
2021,Fall,ACCY,502,Accounting Analysis II A,ONL,"Mendoza, Scott A",3.5454545454545454
2013,Fall,MUS,101,Music Theory and Practice I,LCD,"Browning, Zack D",2.3257499999999998
2014,Spring,ANSC,250,Companion Animals in Society,LEC,"Fischer-Brown, Amy E",3.776273291925466
2012,Fall,PHIL,101,Introduction to Philosophy,DIS,"Lee, Steven F",2.0428125
2017,Spring,GER,251,Grimm's Fairy Tales in Context,,"Stoeckl, Stephanie J",3.4720833333333334
2019,Fall,IS,504,Reference and Info Services,LCD,"Woodard, Beth S",3.923076923076923
2017,Spring,LER,590,Corporate Social Respon,,"Jung, Ji Wook",3.5866666666666664
2017,Fall,ACES,101,Contemporary Issues in ACES,,"Allen, Crystal A",3.8413043478260875
2014,Spring,STAT,200,Statistical Analysis,LCD,"Ulm, Matthew C",3.377555555555555
2016,Spring,BTW,250,Principles Bus Comm,LCD,"Wilson, Gregory D",3.4208695652173917
2018,Fall,LAS,101,Freshman Seminar,DIS,"Soranso, Murillo S",3.3334615384615387
2014,Spring,THEA,101,Introduction to Theatre Arts,ONL,"Morrissette, Jason W",3.646530612244897
2011,Fall,SOC,310,Sociology of Deviance,ONL,"Kelley, Margaret S",3.179111111111111
2011,Fall,ACCY,302,Decision Making for Atg,LCD,"Wu, Yu-Ching",3.6052631578947367
2019,Spring,AE,199,Computer-Aided Design,LCD,"Laystrom-Woodar, Julia K",3.3425000000000002
2010,Spring,CHEM,199,Undergraduate Open Seminar,DIS,"Adams, Gretchen",3.9648136645962735
2015,Fall,ENGL,200,Intro to the Study of Lit,LCD,"O'Brien, Matthew J",3.3476
2021,Fall,BADM,320,Principles of Marketing,ONL,"Liu, Yunchuan",3.7458163265306124
2019,Fall,BUS,101,Prof Responsibility & Business,LCD,"DeBrock, Lawrence M",3.681363636363636
2021,Fall,GLBL,240,Global Health,ONL,"Bonatti, Valeria",3.4845312499999994
2010,Fall,MS,326,"New Media, Culture & Society",DIS,"Bowden, Tiffany N",3.0443478260869568
2011,Summer,SPAN,141,Intro to Spanish Grammar,LCD,"Martoccio, Alyssa M",2.730952380952381
2020,Spring,ME,170,Computer-Aided Design,LEC,"Philpott, Michael L",3.5269892473118283
2010,Summer,MCB,250,Molecular Genetics,DIS,"Echtenkamp, Frank",3.1209090909090906
2017,Fall,SOCW,427,Social Work Research Methods,,"Zhan, Min",3.701724137931034
2019,Spring,CS,199,Python for Data,LEC,"Davis, Neal E",3.750357142857143
2013,Spring,MATH,530,Algebraic Number Theory,LCD,"Zaharescu, Alexandru",3.8664
2017,Spring,DANC,100,Intro to Contemporary Dance,,"Johnston, Philip T",3.944666666666667
2017,Fall,CHEM,440,Physical Chemistry Principles,,"Oldfield, Eric",2.9825000000000004
2016,Fall,MATH,413,Intro to Combinatorics,,"Yong, Alexander N",2.9836666666666667
2017,Spring,MUS,271,Hindsley Symphonic Band,,"Houser, Barry L",3.949811320754717
2020,Fall,ECON,490,Economic Growth,ONL,"Ghosh, Priyasmita",3.940512820512821
2020,Fall,PHIL,214,Biomedical Ethics,ONL,"Livengood, Jonathan M",3.5062068965517237
2011,Spring,MBA,503,Finance I,LCD,"Kannan, Srinivasan",3.8334
2021,Spring,ME,340,Dynamics of Mechanical Systems,OLC,"Shao, Chenhui",3.616415094339622
2018,Spring,ECON,302,Inter Microeconomic Theory,,"Quigley, David",2.482105263157895
2019,Spring,BIOE,360,Transport & Flow in Bioengrg,LEC,"Jensen, Karin J",2.970535714285714
2011,Fall,GWS,485,The Politics of Fashion,LCD,"Nguyen, Mimi T",3.5773076923076923
2015,Fall,ECON,490,Economic Forecasting,LCD,"Park, Woong Yong",3.5007692307692304
2021,Spring,ACCY,405,Assurance and Attestation,OLC,"Ciconte, William",3.2959259259259257
2019,Spring,LER,567,Negotiation in HR Decisions,LCD,"Cardador, Maria T",3.9035483870967744
2020,Fall,PHYS,398,Soph/Junr Special Topics Phys,ONL,"Beck, Douglas H",3.611666666666667
2021,Spring,ME,360,Signal Processing,OLC,"Bentsman, Joseph",3.256333333333333
2011,Spring,GEOL,100,Planet Earth,DIS,"Torbeck, Douglas R",2.8754166666666667
2019,Fall,ARCH,231,Anatomy of Buildings,LEC,"Deutsch, Randall",3.357142857142857
2015,Fall,CHEM,102,General Chemistry I,LEC,"Overcash, John W",2.48360248447205
2013,Spring,RLST,110,World Religions,DIS,"Lindsay, Colleen E",2.7693103448275864
2021,Spring,CHLH,125,Orientation KIN & Comm Health,OLC,"Heintz, Hollie",3.659090909090909
2021,Spring,MATH,213,Basic Discrete Mathematics,ONL,"Kirr, Eduard-Wilhelm",2.903684210526316
2016,Spring,PLPA,200,"Plants, Pathogens, and People",LCD,"Lambert, Kris N",3.1724137931034484
2020,Fall,MATH,225,Introductory Matrix Theory,ONL,"Guzman, Rosemary K",2.857404580152671
2015,Spring,FIN,221,Corporate Finance,DIS,"Lee, Jangwook",2.9238461538461538
2018,Fall,FIN,321,Advanced Corporate Finance,LCD,"Spencer, Xiangyi X",3.236444444444445
2016,Fall,LAS,101,Freshman Seminar,,"Soranso, Murillo S",3.514583333333334
2018,Fall,CS,196,Freshman Honors,LCD,"Challen, Geoffrey W",3.710258620689655
2011,Fall,MSE,440,Mechanical Behavior of Metals,LCD,"Aboukhatwa, Mohamed",3.246666666666667
2017,Spring,ANSC,110,Life With Animals and Biotech,,"Allen, Crystal A",3.792083333333333
2018,Fall,SPED,117,The Culture of Disability,ONL,"Carey, Yvonne A",3.9054441260744985
2011,Spring,MBA,504,Finance II,LCD,"Kannan, Srinivasan",3.7472000000000003
2011,Spring,SOCW,402,Practice II,LCD,"White-Gibson, Nancy L",3.602857142857143
2017,Fall,GS,101,Exploring General Studies,,"O'Brien, Nicole P",3.5484444444444447
2011,Spring,RHET,105,Principles of Composition,LCD,"McCormick, Julie M",3.461904761904762
2013,Fall,CS,225,Data Structures,LEC,"Heeren, Cinda",3.015
2016,Fall,CHEM,103,General Chemistry Lab I,,"Fuerste, Wade C",3.8000000000000007
2021,Spring,PLPA,200,"Plants, Pathogens, and People",ONL,"Lambert, Kris N",3.854054054054054
2020,Fall,SPED,117,The Culture of Disability,ONL,"Bentz, Johnell L",3.8605341246290803
2017,Spring,ACE,430,Food Marketing,,"Goldsmith, Peter D",2.976511627906976
2019,Fall,MATH,540,Real Analysis,LCD,"Laugesen, Richard S",3.624468085106383
2019,Spring,BADM,446,Entrep: New Venture Creation,LCD,"Michael, Steven C",3.8487878787878786
2014,Fall,ECON,103,Macroeconomic Principles,Q,"Baer, Werner",2.933142857142857
2021,Spring,ACCY,312,Principles of Taxation,OLC,"Vuong, Anh",3.4272000000000005
2011,Summer,CS,173,Discrete Structures,DIS,"Fleck, Margaret M",2.6425925925925924
2011,Summer,ME,487,MEMS-NEMS Theory & Fabrication,LEC,"Mensing, Glennys A",3.30625
2021,Fall,SOCW,200,Introduction to Social Work,LCD,"Earls Larrison, Tara",3.0081395348837208
2017,Spring,ACCY,302,Decision Making for Atg,,"Wu, Martin G",3.234814814814815
2015,Fall,KIN,369,Coaching Strategies,LEC,"Trendowski, Thomas N",3.593382352941177
2014,Fall,HORT,107,Introduction to Floral Design,LAB,"Noland, Dianne A",3.6899999999999995
2014,Spring,CHLH,421,Health Data Analysis,LCD,"An, Ruopeng",3.692748091603054
2010,Fall,LER,110,Labor and Social Movements,ONL,"Sneiderman, Marilyn G",3.154615384615385
2016,Fall,ECON,536,Applied Econometrics,,"Koenker, Roger W",3.6091176470588238
2017,Fall,ACES,101,Contemporary Issues in ACES,,"Ogolsky, Brian G",3.7731818181818184
2012,Fall,ACCY,312,Principles of Taxation,LCD,"Donohoe, Michael P",3.4690625
2017,Spring,AIS,101,Intro to Amer Indian Studies,,"Davis, Jennifer L",3.752285714285714
2018,Spring,RST,199,Sport Systems in the US & Euro,,"Green, Beverly C",3.310967741935484
2014,Fall,KIN,100,Outdoor Adventure,LAB,"McGrew, Robert W",3.9134782608695655
2012,Fall,LAS,101,Freshman Seminar,DIS,"Hoffman, Ruth A",3.7122727272727274
2020,Winter,ME,400,Energy Conversion Systems,ONL,"Liebenberg, Leon",3.638421052631579
2016,Fall,CHEM,332,Elementary Organic Chem II,,"Koerner, Michael",2.392012987012987
2019,Fall,ECE,120,Introduction to Computing,LEC,"Choi, Dong San",3.144128440366973
2017,Fall,EPS,530,Education and Globalization,,"McCarthy, Cameron R",3.6553846153846155
2021,Fall,PHYS,435,Electromagnetic Fields I,LEC,"Abbamonte, Peter M",3.1087499999999997
2014,Spring,CMN,275,"Media, Money and Power",LEC,"McChesney, Robert W",2.9956796116504862
2021,Spring,CS,242,Programming Studio,OLC,"Woodley, Michael J",3.335925925925926
2018,Fall,CHLH,410,Public Health Practice,LCD,"Kaplan, Justine",3.801616161616161
2014,Spring,GLBL,100,Intro to Global Studies,LCD,"Fitzpatrick, Margaret M",3.8518518518518516
2020,Spring,GEOG,204,Cities of the World,LEC,"Planey, Donald A",3.5892307692307694
2016,Spring,LER,543,Workplace Dispute Resolution,LCD,"Avgar, Ariel C",3.8543749999999997
2014,Fall,CS,105,Intro Computing: Non-Tech,LBD,"Fagen, Wade A",3.2056410256410257
2015,Spring,CS,199,Undergraduate Open Seminar,LCD,"Yershova, Ganna",3.6923076923076925
2021,Fall,PHIL,270,Philosophy of Science,LCD,"Neufeld, Eleonore",3.1727586206896548
2021,Fall,CHLH,100,Contemporary Health,ONL,"Trask, Jeffrey T",2.89946511627907
2018,Spring,ADV,283,Advertising and Brand Strategy,,"Mabry-Flynn, Amanda D",3.8277777777777775
2019,Fall,CS,361,Prob & Stat for Computer Sci,LEC,"Liu, Hongye",3.0974149659863945
2012,Fall,IE,300,Analysis of Data,LEC,"Sowers, Richard B",2.811065573770492
2015,Summer,CMN,260,Intro to Health Communication,ONL,"Reynolds-Tylus, Tobias J",2.815
2019,Fall,STAT,440,Statistical Data Management,LCD,"Unger, David",3.8077108433734934
2019,Fall,CS,418,Interactive Computer Graphics,LEC,"Shaffer, Eric G",3.2590082644628096
2014,Fall,MACS,101,Intro to the Media,LCD,"Jiao, Yang",3.2504166666666667
2014,Fall,SOC,100,Introduction to Sociology,DIS,"Safoglu, Feyza N",3.1926923076923073
2015,Summer,MATH,285,Intro Differential Equations,ONL,"Carpenter, Bruce",3.318636363636364
2018,Fall,FIN,580,Econ Market Fundamentals,LCD,"Deryugina, Tatyana",3.5623437499999997
2016,Spring,PS,392,Intl Organizations&Regionalism,LCD,"Chaudoin, Robert S",2.697727272727273
2011,Fall,GER,101,Beginning German I,LCD,"Bloch, Helge E",3.4803999999999995
2016,Spring,BADM,573,Quant Analysis of Decisions,LCD,"Kwon, Hyok-Jon D",3.351666666666666
2021,Spring,SPAN,308,Spanish in the United States,OLC,"Bandin, Yvette A",3.514583333333333
2020,Spring,MATH,441,Differential Equations,LCD,"Leisman, Katelyn J",3.288378378378378
2011,Summer,EPSY,420,Theories of Psychotherapy,LCD,"Espelage, Dorothy L",3.661710526315789
2021,Spring,CI,404,Tchg and Assessing Sec Sch Stu,ONL,"Gutzmer, Cara K",3.8027272727272727
2016,Fall,CEE,340,Energy and Global Environment,,"Bond, Tami C",3.244333333333333
2018,Fall,ACCY,301,Atg Measurement & Disclosure,LCD,"Anderson, Spencer B",3.5803703703703706
2020,Spring,IS,561,Information Modeling,LCD,"Kilicoglu, Halil",3.6381818181818177
2018,Spring,ARAB,150,Lang&Culture of Arab World,,"Saadah, Eman",3.7431818181818186
2013,Fall,CS,554,Parallel Numerical Algorithms,LCD,"Heath, Michael T",3.570967741935484
2016,Fall,BADM,351,Social Media Strategy,,"Larson, Eric",3.816307692307692
2010,Fall,PHYS,460,Condensed Matter Physics,LEC,"Chiang, Tai-Chang",3.607111111111111
2013,Spring,ENGL,109,Intro to Fiction-ACP,LCD,"Tienou, Debora",3.222083333333334
2011,Summer,RLST,110,World Religions,DIS,"Fay, Kathryn O",3.4556666666666667
2016,Fall,LAW,694,Trial Advocacy,,"Beckett, J S",3.3482089552238805
2012,Fall,PSYC,100,Intro Psych,LCD,"Horne, Zachary S",2.914651162790698
2021,Fall,MCB,408,Immunology,OD,"Stenger, Alejandra L",3.7087499999999998
2017,Spring,MATH,286,Intro to Differential Eq Plus,,"Bronski, Jared C",2.87009756097561
2014,Spring,ACE,440,Finan Plan for Professionals,LCD,"Allen, Sharon C",3.0279166666666666
2020,Spring,ENG,198,Technical Communication,LCD,"Brunet, Marie-Christine",3.9696969696969697
2016,Fall,RST,242,Nature and American Culture,,"Lum, Clinton S",3.608695652173913
2015,Fall,CS,233,Computer Architecture,LEC,"Zilles, Craig",2.890235294117647
2021,Spring,ECON,202,Economic Statistics I,OLB,"Bhardwaj, Sakshi",2.9186486486486487
2016,Fall,ACCY,405,Assurance and Attestation,,"Bauer, Timothy D",3.3235897435897437
2020,Fall,BADM,374,Management Decision Models,ONL,"Ye, Han",3.562037037037037
2013,Fall,MBA,501,Foundations of Bus I-MKT,LCD,"Noel, Hayden N",3.624615384615385
2018,Summer,ECON,103,Macroeconomic Principles,ONL,"McDermott, Eric M",2.931264367816092
2015,Fall,LER,590,Employee Benefits,LCD,"Martocchio, Joseph J",3.942758620689655
2012,Fall,MCB,245,Human Anat & Physiol Lab I,LAB,"Swigart, James P",3.115
2017,Spring,ACE,428,Commodity Futures and Options,,"Cruz, Jose C",2.495344827586207
2015,Fall,SOC,160,Global Ineq and Social Change,LEC,"Holtzclaw-Stone, Heather",3.5071739130434785
2019,Spring,ACCY,512,Data Analytics for Mgmt Acctg,LCD,"Chen, Xiaoling",3.722777777777778
2016,Fall,CS,461,Computer Security I,,,2.9455345911949684
2010,Spring,HIST,353,European History 1918 to 1939,LCD,"Micale, Mark S",3.7075757575757575
2013,Spring,GWS,202,Sexualities,LCD,"Cole, Cheryl L",3.4912500000000004
2020,Spring,MCB,247,Human Anat & Physiol Lab II,LAB,"Bielser, Deborah A",3.3455555555555554
2010,Fall,MCB,150,Molec & Cellular Basis of Life,DIS,"Brannick, Katherine E",3.0604545454545455
2012,Fall,KIN,104,Ice Skating I,LAB,"Vitosky, Caitlin L",3.792452830188679
2021,Spring,BIOC,446,Physical Biochemistry,OLC,"Zhang, Kai",3.6481132075471696
2016,Fall,FIN,516,Term Structure Models,,"Widdicks, Martin",3.6656666666666666
2017,Fall,GS,101,Exploring General Studies,,"Talbott, Katelyn R",3.6597777777777782
2018,Spring,HIST,281,Constructing Race in America,,"Mumford, Kevin",3.572380952380952
2016,Spring,CHEM,105,General Chemistry Lab II,LAB,"Fudala, Pawel",3.5562500000000004
2011,Spring,MCB,252,"Cells, Tissues & Development",DIS,"Good, Elizabeth A",3.605909090909091
2011,Spring,CHLH,421,Health Data Analysis,LCD,"Bronson-Lowe, Daniel L",2.7072
2019,Summer,PSYC,204,Intro to Brain and Cognition,ONL,"Dolcos, Sanda M",3.5442105263157897
2010,Fall,HIST,120,East Asian Civilizations,DIS,"Toby, Ronald P",3.207142857142857
2015,Spring,PHYS,211,University Physics: Mechanics,LEC,"Selen, Mats A",3.0317567567567574
2020,Spring,CHBE,431,Process Design,LEC,"Floess, Joachim",2.9825000000000004
2016,Fall,MSE,403,Synthesis of Materials,,"Shoemaker, Daniel P",3.060526315789474
2011,Summer,PS,200,Foundations of Pol Sci,ONL,"Reynolds, Evangeline M",2.435483870967742
2013,Spring,GWS,100,Intro Gender & Women's Studies,DIS,"Roig Mora, Arnau",3.3333333333333335
2018,Fall,RST,217,Public Recreation,LCD,"Liechty, Toni",3.410769230769231
2021,Spring,THEA,101,Introduction to Theatre Arts,ONL,"Kipp, Daniel W",3.2272000000000003
2018,Spring,SOCW,500,SW Practice with Indiv and Fam,,"Keenan, Kimberly A",3.7091666666666665
2020,Fall,MATH,347,Fundamental Mathematics,ONL,"Borman, Matthew S",3.3864
2016,Spring,FR,101,Elementary French I,LCD,"Boukettaya, Karima",3.174347826086956
2014,Fall,LAW,609,Legal Writing & Analysis,LCD,"Alam, Rummana",3.2180769230769233
2011,Spring,NPRE,458,Design in NPRE,LCD,"Stubbins, James F",3.878787878787879
2013,Spring,MCB,247,Human Anat & Physiol Lab II,LAB,"Brown, Chester M",3.0952380952380953
2013,Fall,ECE,580,Optimiz by Vector Space Methds,LCD,"Srikant, Rayadurgam",3.739130434782609
2016,Spring,BTW,250,Principles Bus Comm,LCD,"Don, Michael L",3.189565217391305
2018,Summer,BADM,300,The Legal Environment of Bus,ONL,"Fricke, Michael R",3.544732142857143
2021,Fall,STAT,425,Statistical Modeling I,ONL,"Chronopoulou, Alexandra",3.397415730337079
2012,Fall,CHEM,420,Instrumental Characterization,LEC,"Bailey, Ryan C",3.102781954887218
2020,Spring,IHLT,475,Field Experience in i-Health,LCD,"DiFilippo, Kristen N",3.8620689655172415
2020,Spring,HIST,357,Modern France,LCD,"Chaplin, Tamara E",3.284444444444444
2019,Fall,PHYS,212,University Physics: Elec & Mag,LEC,"Stelzer, Timothy J",2.8119256756756754
2010,Spring,PSYC,100,Intro Psych,LCD,"Lim, Noriel E",2.962666666666666
2013,Fall,SOCW,427,Social Work Research Methods,LCD,"Larrison, Christopher R",3.4710344827586206
2021,Fall,CMN,214,Org Comm & Diversity,LCD,"Wright-Dixon, Trina J",3.0279166666666666
2011,Fall,MCB,252,"Cells, Tissues & Development",DIS,"Kalafatis, Marinos",3.333636363636364
2014,Spring,PHIL,100,Intro to Philosophy-ACP,DIS,"Korman, Daniel Z",2.65047619047619
2011,Spring,RHET,105,Principles of Composition,LCD,"Vigiletti, Elyse R",3.833636363636364
2011,Fall,LAS,101,Freshman Seminar,DIS,"Hoffman, Ruth A",3.6268000000000002
2018,Fall,LAS,101,Freshman Seminar,DIS,"Soranso, Murillo S",3.6972727272727273
2020,Summer,PS,241,Comp Politics in Dev Nations,ONL,"Leffingwell, Sarah K",3.42551724137931
2014,Spring,AGED,480,Collaborative Leadership,LCD,"Keating, Kari H",3.886585365853659
2020,Spring,CS,598,Data Mining Capstone,ONL,"Farivar, Reza",3.712727272727273
2017,Fall,LAS,101,Freshman Seminar,,"Soranso, Murillo S",3.4
2021,Spring,HDFS,405,Adolescent Development,OLC,"Barton, Allen W",3.303823529411764
2017,Fall,MACS,356,Sex & Gender in Popular Media,,"Valdivia, Angharad N",2.7139285714285712
2014,Spring,CLCV,132,"Class Archaeology, Rome-Italy",LCD,"Walters, Brian C",3.284756097560976
2019,Fall,CEE,330,Environmental Engineering,LCD,"Nguyen, Thanh H",3.6123275862068964
2020,Fall,LAS,101,Design First Year Experience,ONL,"Soranso, Murillo S",3.84
2017,Spring,PSYC,353,Social Cognition,,"Srull, Thomas K",3.14
2010,Spring,CHLH,101,Introduction to Public Health,DIS,"Carroll, Margaret S",3.5
2013,Spring,MUS,411,Genre Studies in Musicology,LCD,"Syer, Katherine R",3.739130434782609
2018,Fall,ECON,590,Applied Microeconometrics I,LCD,"Borgschulte, Mark J",3.9570967741935483
2018,Spring,ACE,310,Natural Resource Economics,,"Brazee, Richard J",3.288648648648649
2020,Summer,CLCV,224,American Race and Ethiniciy Cl,OLC,"Weed, Ashley K",3.7260714285714287
2013,Spring,ECON,102,Microeconomic Principles,Q,"Zubareva, Daria",3.0689743589743586
2015,Spring,MATH,461,Probability Theory,LCD,"Vondracek, Zoran",2.1604
2013,Spring,MACS,101,Intro to the Media,LCD,"Jiao, Yang",3.5700000000000003
2015,Fall,CMN,396,Media and Youth Culture,LCD,"Hebert, Mary Grace B",3.1450000000000005
2015,Fall,ANTH,143,Biology of Human Behavior,DIS,"Clancy, Kathryn B",3.402068965517241
2015,Spring,MCB,250,Molecular Genetics,DIS,"Kirchner, Nicholas C",2.4926086956521742
2021,Spring,SOC,100,Introduction to Sociology,OD,"Alexander, Alishia",3.504857142857143
2010,Spring,ECON,102,Microeconomic Principles,Q,"de Mello, Euler P",3.2564102564102564
2017,Spring,ARTD,444,Typographic Systems,,"Thomas, Nekita S",3.7623809523809526
2013,Fall,CHEM,440,Physical Chemistry Principles,LEC,"Oldfield, Eric",3.0534090909090907
2015,Fall,ME,170,Computer-Aided Design,LEC,"Philpott, Michael L",3.7333009708737857
2014,Fall,MATH,286,Intro to Differential Eq Plus,LCD,"Kavruk, Ali S",3.4007246376811593
2010,Fall,NRES,474,Soil and Water Conservation,ONL,"Olson, Kenneth R",3.133142857142857
2012,Fall,MACS,101,Intro to the Media,LCD,"Troger, Mandy",3.8139999999999996
2011,Summer,AAS,120,Intro to Asian Am Pop Culture,DIS,"Arai, Sayuri",2.9890625
2021,Spring,FIN,411,Investment & Portfolio Mngt,ONL,"Ye, Mao",3.1453846153846152
2011,Spring,PS,280,Intro to Intl Relations,LCD,"Miller, Joseph T",3.6538461538461537
2017,Fall,RHET,233,Adv Rhetoric & Composition,,"Odom, Michael J",3.0447826086956518
2013,Fall,RST,110,Leisure Service Delivery,LCD,"Gower, Ryan K",1.9565217391304348
2015,Spring,CS,460,Security Laboratory,LEC,"Bambenek, John C",3.7805000000000004
2019,Spring,ME,340,Dynamics of Mechanical Systems,LEC,"Huzaifa, Muhammad U",3.433939393939394
2016,Spring,MATH,231,Calculus II,LEC,"Bradlow, Steven B",2.3984070796460175
2011,Summer,CLCV,115,Mythology of Greece and Rome,DIS,"Maloy, Lucian",3.3333333333333335
2011,Summer,ENGL,200,Intro to the Study of Lit,LCD,"McCormick, Julie M",3.50125
2011,Fall,MCB,314,Introduction to Neurobiology,LEC,"Nelson, Mark E",2.9067032967032964
2011,Summer,FIN,321,Advanced Corporate Finance,LCD,"Peters, Stephen R",3.2582499999999994
2014,Fall,ACCY,304,Accounting Control Systems,LCD,"Wang, Wei",3.182
2014,Spring,PSYC,332,Lab Meth in Soc Psych,LEC,"Preston, Jesse L",2.92979797979798
2016,Spring,ARCH,452,Theory of Reinforced Concrete,LAB,"Kansler, Jeffrey C",3.3850000000000002
2020,Spring,MCB,101,Intro Microbiology Laboratory,LAB,"Alt, Renee L",3.5833333333333335
2011,Spring,SPAN,103,Intermediate Spanish,LCD,"Holguin Mendoza, Claudia",2.9204761904761902
2017,Spring,ASTR,121,The Solar System,,"Evans, Jessica M",2.867421875
2019,Spring,ECON,102,Microeconomic Principles,DIS,"DiIanni, Isaac",3.1321212121212127
2013,Spring,GEOG,204,Cities of the World,LCD,"Kalipeni, Ezekiel",3.1889189189189193
2021,Fall,ENGL,200,Intro to Lit and Culture,LCD,"Loughran, Patricia",3.566521739130435
2018,Fall,CHLH,260,Introduction to Medical Ethics,DIS,"Notaro, Stephen J",3.9099999999999997
2019,Spring,BADM,543,Technology Strategy,LCD,"Somaya, Deepak",3.642857142857143
2020,Fall,RST,199,Sport and the BIG 10,ONL,"Sherman, Edward J",3.6402272727272726
2011,Spring,HIST,481,US Intel Cultr Hist from 1859,LCD,"Oberdeck, Kathryn J",3.36304347826087
2014,Fall,SOCW,401,Practice I,LCD,"Bragg, Mary",3.2004
2017,Fall,ECE,298,Concepts in Engineering Math,,"Allen, Jont",3.87
2015,Fall,CHBE,440,Process Control and Dynamics,LEC,"Vogel, Troy",3.1365999999999996
2013,Spring,CMN,211,Business Communication,LCD,"Costello, Thomas J",3.7504166666666667
2011,Spring,KIN,104,Skating Activities,LAB,"Weber, Melissa B",3.8125
2017,Spring,GEOG,105,The Digital Earth,,"Cidell, Julie L",2.9528571428571433
2019,Fall,ACCY,303,Atg Institutions and Reg,LCD,"Godsell, David",3.710666666666667
2011,Spring,ECON,203,Economic Statistics II,LAB,"Brown, Joshua J",2.61875
2013,Fall,NPRE,498,Monte Carlo Simulation,LCD,"Ragheb, Magdi",3.5059259259259257
2014,Spring,ECON,103,Macroeconomic Principles,Q,"Wu, Yue",3.0689743589743594
2020,Fall,CHEM,312,Inorganic Chemistry,OLC,"Mirica, Liviu M",3.422686567164179
2013,Spring,CMN,396,Current Trends in Mass Comm,LCD,"King, Andrew J",2.8333333333333335
2010,Spring,CMN,101,Public Speaking,LCD,"Stryker, Allison",3.3340909090909094
2016,Spring,HIST,337,Middle East Since World War I,LCD,"Cuno, Kenneth M",3.0009375
2015,Fall,CI,450,Tchg Elem Science I,LCD,"Dean, Sheila R",3.6532
2011,Fall,CEE,350,Water Resources Engineering,LCD,"Schmidt, Arthur R",3.6156410256410254
2015,Spring,CS,418,Interactive Computer Graphics,LEC,"Hart, John C",3.2559064327485387
2017,Spring,LA,241,Landform Design & Construction,,"Emmerling-Dinov, Carol A",2.9528571428571433
2019,Fall,ACE,100,Agr Cons and Resource Econ,DIS,"Gundersen, Lisa C",3.2333333333333334
2019,Spring,CLCV,115,Mythology of Greece and Rome,DIS,"Scheele, Genevieve V",3.2
2019,Spring,BADM,590,Marketing in a Digital World,ONL,"Rindfleisch, Aric P",3.6948888888888884
2021,Spring,ECON,303,Inter Macroeconomic Theory,OD,"Okada Da Silva, Vinicius",2.943103448275862
2010,Spring,SHS,121,American Sign Language I,LCD,"Carrington, Edwin H",3.594782608695652
2017,Spring,MDIA,223,Watching the Environment,,"Reisner, Ann E",2.612282608695652
2016,Spring,CI,402,Tchg Diverse Middle Grade Stu,LCD,"Dressman, Mark A",3.5876
2017,Fall,MCB,245,Human Anat & Physiol Lab I,,"Swigart, James P",2.6903448275862067
2016,Fall,MACS,264,Creative and Info Economies,,"Kozma, Alicia",3.563125
2012,Fall,CMN,260,Intro to Health Communication,LCD,"LaVoie, Nicole",3.081034482758621
2011,Summer,CI,335,Content Area App of Educ Tech,LCD,"Noffke, Susan E",3.9696969696969697
2014,Fall,PHIL,107,Intro to Political Philosophy,LCD,"Dyschkant, Alexis N",3.1972727272727273
2013,Spring,PSYC,361,The Psychology of Aging,LEC,"Fabiani, Monica",2.998672985781991
2018,Spring,CHEM,103,General Chemistry Lab I,,"Gunasekera, Mutha Merenna",3.538846153846154
2021,Spring,ECON,302,Inter Microeconomic Theory,OD,"Romero, Maria N",2.5158064516129035
2012,Fall,MCB,150,Molec & Cellular Basis of Life,DIS,"Reedy, Melissa M",2.8486363636363636
2013,Spring,CMN,113,Small Group Communication,LCD,"Dobosh, Melissa A",3.420740740740741
2018,Spring,BADM,313,Human Resource Management,,"Kraatz, Matthew S",3.570222222222222
2019,Fall,ECON,103,Macroeconomic Principles,DIS,"McDermott, Eric M",2.646666666666667
2020,Fall,EPSY,202,Exploring Cultural Diversity,ONL,"Landrum-Brown, Joycelyn",3.2088
2015,Spring,MCB,251,Exp Techniqs in Molecular Biol,LAB,"Kirchner, Nicholas C",3.8036363636363633
2011,Fall,GWS,382,Black Women & Popular Culture,LCD,"Flynn, Karen",3.02875
2014,Spring,CMN,435,Adv Interpersonal Comm,LCD,"Ramey, Mary E",3.4545454545454546
2012,Fall,MCB,354,Biochem & Phys Basis of Life,DIS,"Stenger, Alejandra L",2.682380952380952
2016,Winter,ECON,203,Economic Statistics II,,"Petry, Joseph A",2.891549295774648
2019,Fall,SOCW,297,Asian Families in America,LCD,"Balgopal, Anita A",3.9658974358974355
2011,Spring,MCB,252,"Cells, Tissues & Development",DIS,"Good, Elizabeth A",3.391304347826087
2010,Spring,CEE,415,Geometric Design of Roads,LCD,"Mishra, Debakanta",3.3431428571428574
2014,Spring,GER,205,Germany and Europe,LCD,"Yildiz, Yasemin",3.3486363636363636
2014,Fall,LER,100,Introduction to Labor Studies,ONL,"Hawking, Carol J",2.2321739130434777
2018,Fall,CHEM,104,General Chemistry II,ONL,"Ray, Christian R",2.4021323529411767
2010,Fall,ARCH,451,Theory & Design Steel & Timber,LEC,"Aminmansour, Abbas",3.3164102564102564
2019,Spring,GLBL,100,Intro to Global Studies,LCD,"Massey, Erica M",3.5975862068965516
2014,Spring,RST,429,Contemporary Issues in Leisure,LCD,"Stodolska, Monika",3.2961290322580648
2017,Fall,AFRO,101,"Black America, 1619-Present",,"Cha-Jua, Sundiata",2.625833333333333
2014,Spring,IS,590,Comics: Advising Readers,ONL,"Tilley, Carol L",3.6144
2014,Spring,ACE,161,Microcomputer Applications,LBD,"Rogalla, Valerie",3.3333333333333335
2020,Fall,CWL,189,Lit of Asia & Africa I,OLC,"Chakraborty, Ragini",2.955454545454545
2015,Fall,ECE,330,Power Ckts & Electromechanics,DIS,"Sauer, Peter W",2.8073684210526313
2012,Fall,ECON,103,Macroeconomic Principles,Q,"Zuo, Bing",3.154615384615385
2020,Fall,ECON,490,Economic Developmt & Migration,ONL,"Kleemans, Maria",3.535714285714286
2017,Summer,AGED,260,Intro to Leadership Studies,,"Keating, Kari H",3.299310344827586
2011,Spring,LER,523,Org Fundamentals for HR,LCD,"Dencker, John C",3.8835135135135133
2017,Fall,ME,370,Mechanical Design I,,"Ferreira, Placid M",3.29734375
2017,Fall,GWS,335,"Film, TV, and Gender",,"Kashani, Maryam",3.333703703703704
2011,Summer,ECON,482,Health Economics,LCD,"Arnould, Richard J",3.351052631578947
2012,Fall,ECON,500,General Microeconomic Theory,LEC,"Miller, Nolan H",3.6028571428571428
2018,Fall,CHLH,380,Orientation to Internship,LCD,"Adamson, Brynn C",3.8932038834951457
2010,Fall,CMN,304,Communication Internship,CNF,"Faughn, Shirley J",3.8853125
2014,Spring,ENGL,247,The British Novel,LCD,"Baron, Iryce W",3.323714285714286
2014,Fall,ENGL,109,Intro to Fiction-ACP,LCD,"Chandler, Erin D",3.218695652173913
2010,Fall,PS,330,Intro to Political Behavior,LCD,"Mondak, Jeffery J",2.537361111111111
2015,Fall,LAS,101,Freshman Seminar,DIS,"Hoffman, Ruth A",3.7973913043478262
2017,Fall,KIN,104,Ice Skating,,"Clarke, Caitlin L",3.25
2012,Fall,GWS,363,"Gender, Health & Pop Culture",LCD,"Flynn, Karen",2.9380952380952383
2019,Fall,CMN,321,Strategies of Persuasion,LCD,"Murphy, John M",2.522537313432835
2020,Summer,ECON,415,Environmental Economics,ONL,"Buckley, Bryan D",2.9459183673469393
2013,Summer,FIN,502,Quantitative Finance,LCD,"Petry, Joseph A",3.7216363636363634
2016,Spring,PSYC,413,Psychopharmacology,LEC,"Gulley, Joshua M",2.816279069767442
2013,Fall,CHEM,440,Physical Chemistry Principles,LEC,"Pogorelov, Taras V",3.309074074074074
2020,Spring,PS,100,Intro to Political Science,ONL,"Lu, Lu",3.403333333333333
2013,Spring,LER,100,Introduction to Labor Studies,ONL,"Konopacki, Mike",2.6003999999999996
2013,Fall,PHYS,515,General Relativity I,LEC,"Shapiro, Stuart L",3.494814814814814
2021,Fall,ANTH,101,Introduction to Anthropology,ONL,"Ritchison, Brandon T",3.14988326848249
2014,Fall,PHYS,150,Physics of Societal Issues,LEC,"Vishveshwara, Smitha",3.1822727272727267
2020,Spring,HIST,172,US History Since 1877,DIS,"Vaughn, Taryn K",3.869565217391304
2018,Fall,ECON,450,Development Economics,LCD,"Veras De Paiva, Henrique",3.2429729729729733
2011,Fall,ACCY,201,Accounting and Accountancy I,DIS,"Grubb, Elizabeth A",3.6241025641025635
2021,Spring,SOCW,427,Social Work Research Methods,OLC,"Shin, Oe J",3.656
2021,Fall,PSYC,340,Mindfulness SrvceLearning Pt 1,LAB,"Menard, Christopher",3.5939130434782607
2011,Fall,IB,150,Organismal & Evolutionary Biol,DIS,"Hickox, Tracey E",2.9042857142857144
2018,Fall,ATMS,301,Atmospheric Thermodynamics,LEC,"Jewett, Brian F",3.463913043478261
2016,Spring,LAST,170,Introduction to Latin America,DIS,"Correa Kuyumjia, Marilia",3.26375
2016,Fall,CS,433,Computer System Organization,,"Adve, Sarita V",3.465
2011,Summer,ANTH,199,"Chinese Science, Tech & Med.",LCD,"Chen, Junjie",3.333333333333334
2021,Spring,BADM,275,Operations Management,ONL,"Kwon, Hyok-Jon D",3.837692307692308
2019,Spring,ME,310,Fundamentals of Fluid Dynamics,LCD,"Juarez, Gabriel",2.8822916666666667
2021,Fall,KIN,102,Bowling,LAB,"Morgan, Ashley M",3.725
2013,Summer,CHLH,206,Human Sexuality,ONL,"Rinaldi-Miles, Anna I",2.6401999999999997
2015,Fall,SOC,196,The HIV/AIDS Pandemic,LEC,"Buckley, Cynthia",2.978723404255319
2014,Fall,BTW,261,Principles Tech Comm,LCD,"Hechler, William D",3.36125
2012,Fall,ME,591,Biomechanics Seminar,DIS,"Wagoner Johnson, Amy J",3.884782608695652
2013,Fall,BADM,508,Leadership and Teams,LCD,"Leblebici, Huseyin",3.7001612903225807
2013,Summer,THEA,101,Introduction to Theatre Arts,ONL,"Morrissette, Jason W",3.463414634146341
2019,Fall,ME,200,Thermodynamics,LEC,"Alidoost, Kazem",3.065463917525773
2011,Fall,CEE,575,Fracture and Fatigue,LCD,"Dodds, Robert H",3.5332
2016,Fall,ANSC,207,Companion Animal Biology &Care,,"de Flamingh, Alida",3.6502499999999998
2015,Fall,MCB,250,Molecular Genetics,DIS,"Kirchner, Nicholas C",3.0582608695652174
2019,Fall,ABE,430,Project Management,LEC,"Davidson, Paul C",3.8269
2013,Fall,PLPA,407,Diseases of Field Crops,LBD,"Bradley, Carl A",3.238095238095238
2019,Fall,ANSC,307,Companion Animal Management,DIS,"Fischer-Brown, Amy E",2.8298113207547173
2015,Spring,FIN,300,Financial Markets,LCD,"Smith, Mark K",2.7463043478260873
2018,Spring,MCB,150,Molec & Cellular Basis of Life,,"Reedy, Melissa M",3.1813636363636366
2018,Spring,CHEM,237,Structure and Synthesis,,"van der Donk, Wilfred A",2.9031249999999997
2017,Spring,MCB,252,"Cells, Tissues & Development",,"Good, Elizabeth A",3.424090909090909
2018,Fall,ECON,102,Microeconomic Principles,DIS,"DiIanni, Isaac",3.3152777777777778
2012,Fall,ECE,333,Green Electric Energy,LEC,"Overbye, Thomas J",3.123548387096774
2015,Fall,ME,360,Signal Processing,LEC,"Bentsman, Joseph",3.6153846153846154
2015,Spring,KIN,249,Sport & Modern Society,ONL,"Choi, Yoon So",3.4260396039603958
2015,Spring,MBA,505,Quantitative Methods in Fin,LCD,"Kahn, Charles M",3.3684210526315788
2013,Spring,CS,421,Progrmg Languages & Compilers,LCD,"Kamin, Samuel N",3.1699337748344374
2013,Spring,SHS,221,American Sign Language II,LCD,"Dramin Weiss, Susan M",3.2916666666666665
2015,Spring,ACCY,504,Auditing,LCD,"Pesch, Heather L",3.4254999999999995
